代號,名稱,樣貌,屬性,弱點,ATK,DEF,HP,LV15 (Research),LV20 (Raids/Eggs),LV25 (Weather Boost),LV40,LV50
1,妙蛙種子,一般,草|毒,火|飛行|冰|超能力,118,111,128,477,637,796,1115,1260
2,妙蛙草,一般,草|毒,火|飛行|冰|超能力,151,143,155,728,970,1213,1699,1921
3,妙蛙花,一般,草|毒,火|飛行|冰|超能力,198,189,190,1166,1554,1943,2720,3075
3,妙蛙花,超極巨化,草|毒,火|飛行|冰|超能力,198,189,190,1166,1554,1943,2720,3075
3,超級妙蛙花,超級妙蛙花,草|毒,火|飛行|冰|超能力,198,189,190,1166,1554,1943,2720,3075
4,小火龍,一般,火,水|岩石|地面,116,93,118,420,560,700,980,1108
5,火恐龍,一般,火,水|岩石|地面,158,126,151,708,944,1180,1653,1868
6,噴火龍,一般,火|飛行,水|電|岩石,223,173,186,1238,1651,2064,2889,3266
6,噴火龍,超極巨化,火|飛行,水|電|岩石,223,173,186,1238,1651,2064,2889,3266
6,超級噴火龍Ｘ,超級噴火龍Ｘ,火|龍,岩石|地面|龍,223,173,186,1238,1651,2064,2889,3266
6,超級噴火龍Ｙ,超級噴火龍Ｙ,火|飛行,水|電|岩石,223,173,186,1238,1651,2064,2889,3266
7,傑尼龜,一般,水,草|電,94,121,127,405,540,675,946,1069
8,卡咪龜,一般,水,草|電,126,155,153,637,850,1063,1488,1682
9,水箭龜,一般,水,草|電,171,207,188,1057,1409,1761,2466,2788
9,水箭龜,超極巨化,水,草|電,171,207,188,1057,1409,1761,2466,2788
9,超級水箭龜,超級水箭龜,水,草|電,171,207,188,1057,1409,1761,2466,2788
10,綠毛蟲,一般,蟲,火|飛行|岩石,55,55,128,187,249,312,437,494
11,鐵甲蛹,一般,蟲,火|飛行|岩石,45,80,137,193,257,321,450,509
12,巴大蝶,一般,蟲|飛行,火|電|飛行|岩石|冰,167,137,155,783,1044,1305,1827,2065
12,巴大蝶,超極巨化,蟲|飛行,火|電|飛行|岩石|冰,167,137,155,783,1044,1305,1827,2065
13,獨角蟲,一般,蟲|毒,火|飛行|岩石|超能力,63,50,120,195,260,325,456,515
14,鐵殼蛹,一般,蟲|毒,火|飛行|岩石|超能力,46,75,128,185,246,308,432,488
15,大針蜂,一般,蟲|毒,火|飛行|岩石|超能力,169,130,163,791,1054,1318,1846,2087
15,超級大針蜂,超級大針蜂,蟲|毒,火|飛行|岩石|超能力,169,130,163,791,1054,1318,1846,2087
16,波波,一般,一般|飛行,電|岩石|冰,85,73,120,291,388,486,680,769
17,比比鳥,一般,一般|飛行,電|岩石|冰,117,105,160,512,682,853,1194,1350
18,大比鳥,一般,一般|飛行,電|岩石|冰,166,154,195,912,1216,1521,2129,2407
18,超級大比鳥,超級大比鳥,一般|飛行,電|岩石|冰,166,154,195,912,1216,1521,2129,2407
19,小拉達,一般,一般,格鬥,103,70,102,315,419,524,734,830
19,小拉達,阿羅拉,惡|一般,蟲|格鬥|妖精,103,70,102,315,419,524,734,830
20,拉達,一般,一般,格鬥,161,139,146,741,989,1236,1730,1956
20,拉達,阿羅拉,惡|一般,蟲|格鬥|妖精,135,154,181,730,974,1217,1705,1927
21,烈雀,一般,一般|飛行,電|岩石|冰,112,60,120,342,456,570,798,902
22,大嘴雀,一般,一般|飛行,電|岩石|冰,182,133,163,855,1141,1426,1997,2257
23,阿柏蛇,一般,毒,地面|超能力,110,97,111,397,529,662,927,1048
24,阿柏怪,一般,毒,地面|超能力,167,153,155,823,1097,1372,1921,2171
25,皮卡丘,一般,電,地面,112,96,111,402,536,670,938,1060
25,皮卡丘,超極巨化,電,地面,112,96,111,402,536,670,938,1060
26,雷丘,一般,電,地面,193,151,155,935,1247,1558,2182,2467
26,雷丘,阿羅拉,電|超能力,蟲|地面|幽靈|惡,201,154,155,980,1306,1633,2286,2585
27,穿山鼠,一般,地面,草|水|冰,126,120,137,540,720,901,1261,1426
27,穿山鼠,阿羅拉,冰|鋼,火|地面|格鬥,125,129,137,554,739,924,1293,1462
28,穿山王,一般,地面,草|水|冰,182,175,181,1017,1356,1696,2374,2684
28,穿山王,阿羅拉,冰|鋼,火|地面|格鬥,177,195,181,1042,1390,1737,2432,2750
29,尼多蘭,一般,毒,地面|超能力,86,89,146,349,466,583,816,922
30,尼多娜,一般,毒,地面|超能力,117,120,172,561,748,935,1309,1480
31,尼多后,一般,毒|地面,水|地面|冰|超能力,180,173,207,1066,1421,1777,2488,2812
32,尼多朗,一般,毒,地面|超能力,105,76,130,369,491,614,860,973
33,尼多力諾,一般,毒,地面|超能力,137,111,156,597,796,995,1393,1575
34,尼多王,一般,毒|地面,水|地面|冰|超能力,204,156,191,1100,1466,1833,2567,2902
35,皮皮,一般,妖精,毒|鋼,107,108,172,495,660,825,1155,1306
36,皮可西,一般,妖精,毒|鋼,178,162,216,1044,1392,1741,2437,2755
37,六尾,一般,火,水|岩石|地面,96,109,116,378,504,631,883,998
37,六尾,阿羅拉,冰,火|岩石|格鬥|鋼,96,109,116,378,504,631,883,998
38,九尾,一般,火,水|岩石|地面,169,190,177,977,1302,1628,2279,2577
38,九尾,阿羅拉,冰|妖精,火|岩石|毒|鋼,170,193,177,989,1319,1649,2309,2610
39,胖丁,一般,一般|妖精,毒|鋼,80,41,251,310,413,517,724,818
40,胖可丁,一般,一般|妖精,毒|鋼,156,90,295,825,1101,1376,1926,2178
41,超音蝠,一般,毒|飛行,電|岩石|冰|超能力,83,73,120,285,381,476,667,754
42,大嘴蝠,一般,毒|飛行,電|岩石|冰|超能力,161,150,181,847,1129,1412,1976,2234
43,走路草,一般,草|毒,火|飛行|冰|超能力,131,112,128,526,702,877,1228,1389
44,臭臭花,一般,草|毒,火|飛行|冰|超能力,153,136,155,720,960,1200,1681,1900
45,霸王花,一般,草|毒,火|飛行|冰|超能力,202,167,181,1097,1462,1828,2559,2893
46,派拉斯,一般,蟲|草,火|蟲|飛行|岩石|毒|冰,121,99,111,436,581,727,1018,1150
47,派拉斯特,一般,蟲|草,火|蟲|飛行|岩石|毒|冰,165,146,155,797,1062,1328,1859,2102
48,毛球,一般,蟲|毒,火|飛行|岩石|超能力,100,100,155,430,573,717,1004,1135
49,摩魯蛾,一般,蟲|毒,火|飛行|岩石|超能力,179,143,172,892,1190,1487,2082,2354
50,地鼠,一般,地面,草|水|冰,109,78,67,289,386,483,676,764
50,地鼠,阿羅拉,地面|鋼,火|水|地面|格鬥,108,81,67,292,389,486,681,770
51,三地鼠,一般,地面,草|水|冰,167,136,111,672,895,1119,1567,1772
51,三地鼠,阿羅拉,地面|鋼,火|水|地面|格鬥,201,142,111,813,1084,1355,1897,2145
52,喵喵,一般,一般,格鬥,92,78,120,320,427,534,748,846
52,喵喵,伽勒爾,鋼,火|地面|格鬥,115,92,137,443,591,739,1035,1170
52,喵喵,超極巨化,一般,格鬥,92,78,120,320,427,534,748,846
52,喵喵,阿羅拉,惡,蟲|格鬥|妖精,99,78,120,341,455,569,797,901
53,貓老大,一般,一般,格鬥,150,136,163,724,965,1206,1689,1910
53,貓老大,阿羅拉,惡,蟲|格鬥|妖精,158,136,163,759,1012,1265,1771,2002
54,可達鴨,一般,水,草|電,122,95,137,474,632,790,1106,1250
55,哥達鴨,一般,水,草|電,191,162,190,1050,1400,1750,2450,2770
56,猴怪,一般,格鬥,飛行|超能力|妖精,148,82,120,499,665,832,1164,1317
57,火爆猴,一般,格鬥,飛行|超能力|妖精,207,138,163,980,1307,1634,2288,2586
58,卡蒂狗,一般,火,水|岩石|地面,136,93,146,533,710,888,1243,1405
58,卡蒂狗,洗翠,火|岩石,水|岩石|地面|格鬥,136,93,146,533,710,888,1243,1405
59,風速狗,一般,火,水|岩石|地面,227,166,207,1298,1731,2164,3029,3425
59,風速狗,洗翠,火|岩石,水|岩石|地面|格鬥,227,166,207,1298,1731,2164,3029,3425
60,蚊香蝌蚪,一般,水,草|電,101,82,120,355,473,592,829,937
61,蚊香君,一般,水,草|電,130,123,163,608,811,1013,1419,1604
62,蚊香泳士,一般,水|格鬥,草|電|飛行|超能力|妖精,182,184,207,1108,1477,1847,2586,2923
63,凱西,一般,超能力,蟲|幽靈|惡,195,82,93,575,767,958,1342,1517
64,勇基拉,一般,超能力,蟲|幽靈|惡,232,117,120,882,1176,1471,2059,2328
65,胡地,一般,超能力,蟲|幽靈|惡,271,167,146,1310,1747,2184,3057,3456
65,超級胡地,超級胡地,超能力,蟲|幽靈|惡,271,167,146,1310,1747,2184,3057,3456
66,腕力,一般,格鬥,飛行|超能力|妖精,137,82,172,548,730,913,1278,1445
67,豪力,一般,格鬥,飛行|超能力|妖精,177,125,190,870,1160,1451,2031,2296
68,怪力,一般,格鬥,飛行|超能力|妖精,234,159,207,1310,1746,2183,3056,3455
68,怪力,超極巨化,格鬥,飛行|超能力|妖精,234,159,207,1310,1746,2183,3056,3455
69,喇叭芽,一般,草|毒,火|飛行|冰|超能力,139,61,137,443,590,738,1033,1168
70,口呆花,一般,草|毒,火|飛行|冰|超能力,172,92,163,690,921,1151,1611,1822
71,大食花,一般,草|毒,火|飛行|冰|超能力,207,135,190,1042,1389,1736,2431,2748
72,瑪瑙水母,一般,水|毒,電|地面|超能力,97,149,120,446,594,743,1040,1176
73,毒刺水母,一般,水|毒,電|地面|超能力,166,209,190,1038,1384,1730,2422,2738
74,小拳石,一般,岩石|地面,草|水|地面|冰|格鬥|鋼,132,132,120,554,739,923,1293,1462
74,小拳石,阿羅拉,岩石|電,草|水|地面|格鬥,132,132,120,554,739,923,1293,1462
75,隆隆石,一般,岩石|地面,草|水|地面|冰|格鬥|鋼,164,164,146,813,1084,1355,1897,2145
75,隆隆石,阿羅拉,岩石|電,草|水|地面|格鬥,164,164,146,813,1084,1355,1897,2145
76,隆隆岩,一般,岩石|地面,草|水|地面|冰|格鬥|鋼,211,198,190,1264,1685,2106,2949,3334
76,隆隆岩,阿羅拉,岩石|電,草|水|地面|格鬥,211,198,190,1264,1685,2106,2949,3334
77,小火馬,一般,火,水|岩石|地面,170,127,137,727,969,1212,1697,1919
77,小火馬,伽勒爾,超能力,蟲|幽靈|惡,170,127,137,727,969,1212,1697,1919
78,烈焰馬,一般,火,水|岩石|地面,207,162,163,1054,1406,1757,2461,2782
78,烈焰馬,伽勒爾,超能力|妖精,毒|幽靈|鋼,207,162,163,1054,1406,1757,2461,2782
79,呆呆獸,一般,水|超能力,草|電|蟲|幽靈|惡,109,98,207,525,700,876,1226,1386
79,呆呆獸,伽勒爾,超能力,蟲|幽靈|惡,109,98,207,525,700,876,1226,1386
80,呆殼獸,一般,水|超能力,草|電|蟲|幽靈|惡,177,180,216,1090,1454,1817,2545,2877
80,呆殼獸,伽勒爾,毒|超能力,地面|幽靈|惡,182,156,216,1048,1397,1746,2445,2764
80,超級呆殼獸,超級呆殼獸,水|超能力,草|電|蟲|幽靈|惡,177,180,216,1090,1454,1817,2545,2877
81,小磁怪,一般,電|鋼,火|地面|格鬥,165,121,93,583,778,973,1362,1540
82,三合一磁怪,一般,電|鋼,火|地面|格鬥,223,169,137,1065,1420,1775,2485,2810
83,大蔥鴨,一般,一般|飛行,電|岩石|冰,124,115,141,529,706,883,1236,1397
83,大蔥鴨,伽勒爾,格鬥,飛行|超能力|妖精,174,114,141,717,956,1196,1674,1893
84,嘟嘟,一般,一般|飛行,電|岩石|冰,158,83,111,514,686,857,1200,1357
85,嘟嘟利,一般,一般|飛行,電|岩石|冰,218,140,155,1012,1349,1687,2362,2670
86,小海獅,一般,水,草|電,85,121,163,416,555,694,971,1098
87,白海獅,一般,水|冰,草|電|岩石|格鬥,139,177,207,851,1134,1418,1985,2245
88,臭泥,一般,毒,地面|超能力,135,90,190,589,785,981,1374,1553
88,臭泥,阿羅拉,毒|惡,地面,135,90,190,589,785,981,1374,1553
89,臭臭泥,一般,毒,地面|超能力,190,172,233,1181,1575,1969,2757,3117
89,臭臭泥,阿羅拉,毒|惡,地面,190,172,233,1181,1575,1969,2757,3117
90,大舌貝,一般,水,草|電,116,134,102,463,617,771,1080,1221
91,刺甲貝,一般,水|冰,草|電|岩石|格鬥,186,256,137,1092,1455,1819,2547,2880
92,鬼斯,一般,幽靈|毒,地面|超能力|幽靈|惡,186,67,102,527,702,878,1229,1390
93,鬼斯通,一般,幽靈|毒,地面|超能力|幽靈|惡,223,107,128,841,1121,1402,1963,2219
94,耿鬼,一般,幽靈|毒,地面|超能力|幽靈|惡,261,149,155,1233,1644,2055,2878,3254
94,耿鬼,超極巨化,幽靈|毒,地面|超能力|幽靈|惡,261,149,155,1233,1644,2055,2878,3254
94,超級耿鬼,超級耿鬼,幽靈|毒,地面|超能力|幽靈|惡,261,149,155,1233,1644,2055,2878,3254
95,大岩蛇,一般,岩石|地面,草|水|地面|冰|格鬥|鋼,85,232,111,472,629,787,1101,1245
96,催眠貘,一般,超能力,蟲|幽靈|惡,89,136,155,446,594,743,1040,1176
97,引夢貘人,一般,超能力,蟲|幽靈|惡,144,193,198,895,1194,1493,2090,2363
98,大鉗蟹,一般,水,草|電,181,124,102,669,892,1115,1561,1764
99,巨鉗蟹,一般,水,草|電,240,181,146,1212,1616,2020,2829,3198
99,巨鉗蟹,超極巨化,水,草|電,240,181,146,1212,1616,2020,2829,3198
100,霹靂電球,一般,電,地面,109,111,120,432,577,721,1010,1141
100,霹靂電球,洗翠,電|草,火|蟲|毒|冰,109,111,120,432,577,721,1010,1141
101,頑皮雷彈,一般,電,地面,173,173,155,899,1199,1499,2099,2373
101,頑皮雷彈,洗翠,電|草,火|蟲|毒|冰,173,173,155,899,1199,1499,2099,2373
102,蛋蛋,一般,草|超能力,火|蟲|飛行|毒|冰|幽靈|惡,107,125,155,503,671,839,1175,1328
103,椰蛋樹,一般,草|超能力,火|蟲|飛行|毒|冰|幽靈|惡,233,149,216,1292,1722,2153,3014,3408
103,椰蛋樹,阿羅拉,草|龍,蟲|飛行|毒|冰|龍|妖精,230,153,216,1292,1722,2153,3014,3407
104,卡拉卡拉,一般,地面,草|水|冰,90,144,137,436,582,728,1019,1152
105,嘎啦嘎啦,一般,地面,草|水|冰,144,186,155,786,1048,1311,1835,2075
105,嘎啦嘎啦,阿羅拉,火|幽靈,水|岩石|地面|幽靈|惡,144,186,155,786,1048,1311,1835,2075
106,飛腿郎,一般,格鬥,飛行|超能力|妖精,224,181,137,1104,1472,1840,2576,2912
107,快拳郎,一般,格鬥,飛行|超能力|妖精,193,197,137,999,1332,1665,2332,2636
108,大舌頭,一般,一般,格鬥,108,137,207,604,806,1008,1411,1595
109,瓦斯彈,一般,毒,地面|超能力,119,141,120,520,694,867,1214,1373
110,雙彈瓦斯,一般,毒,地面|超能力,174,197,163,982,1310,1637,2293,2592
110,雙彈瓦斯,伽勒爾,毒|妖精,地面|超能力|鋼,174,197,163,982,1310,1637,2293,2592
111,獨角犀牛,一般,地面|岩石,草|水|地面|冰|格鬥|鋼,140,127,190,707,943,1179,1651,1867
112,鑽角犀獸,一般,地面|岩石,草|水|地面|冰|格鬥|鋼,222,171,233,1362,1816,2270,3179,3594
113,吉利蛋,一般,一般,格鬥,60,128,487,537,717,896,1255,1418
114,蔓藤怪,一般,草,火|蟲|飛行|毒|冰,183,169,163,959,1278,1598,2238,2530
115,袋獸,一般,一般,格鬥,181,165,233,1108,1477,1847,2586,2924
115,超級袋獸,超級袋獸,一般,格鬥,181,165,233,1108,1477,1847,2586,2924
116,墨海馬,一般,水,草|電,129,103,102,452,603,754,1056,1194
117,海刺龍,一般,水,草|電,187,156,146,897,1196,1495,2093,2366
118,角金魚,一般,水,草|電,123,110,128,493,658,823,1152,1302
119,金魚王,一般,水,草|電,175,147,190,926,1235,1544,2162,2444
120,海星星,一般,水,草|電,137,112,102,495,661,826,1157,1308
121,寶石海星,一般,水|超能力,草|電|蟲|幽靈|惡,210,184,155,1107,1476,1846,2584,2922
122,魔牆人偶,一般,超能力|妖精,毒|幽靈|鋼,192,205,120,954,1273,1591,2228,2518
122,魔牆人偶,伽勒爾,冰|超能力,火|蟲|岩石|幽靈|惡|鋼,183,169,137,886,1181,1477,2068,2338
123,飛天螳螂,一般,蟲|飛行,火|電|飛行|岩石|冰,218,170,172,1160,1546,1933,2706,3060
124,迷唇姐,一般,冰|超能力,火|蟲|岩石|幽靈|惡|鋼,223,151,163,1095,1460,1825,2555,2888
125,電擊獸,一般,電,地面,198,158,163,1000,1333,1667,2334,2639
126,鴨嘴火獸,一般,火,水|岩石|地面,206,154,163,1026,1367,1710,2394,2706
127,凱羅斯,一般,蟲,火|飛行|岩石,238,182,163,1268,1690,2113,2959,3345
127,超級凱羅斯,超級凱羅斯,蟲|飛行,火|電|飛行|岩石|冰,238,182,163,1268,1690,2113,2959,3345
128,肯泰羅,一般,一般,格鬥,198,183,181,1123,1497,1872,2620,2962
128,肯泰羅,帕底亞,格鬥,飛行|超能力|妖精,198,183,181,1123,1497,1872,2620,2962
128,肯泰羅,帕底亞,格鬥|火,水|飛行|地面|超能力,198,183,181,1123,1497,1872,2620,2962
128,肯泰羅,帕底亞,格鬥|水,草|電|飛行|超能力|妖精,198,183,181,1123,1497,1872,2620,2962
129,鯉魚王,一般,水,草|電,29,85,85,117,157,196,274,310
130,暴鯉龍,一般,水|飛行,電|岩石,237,186,216,1453,1937,2422,3391,3834
130,超級暴鯉龍,超級暴鯉龍,水|惡,草|電|蟲|格鬥|妖精,237,186,216,1453,1937,2422,3391,3834
131,拉普拉斯,一般,水|冰,草|電|岩石|格鬥,165,174,277,1131,1509,1886,2641,2985
131,拉普拉斯,超極巨化,水|冰,草|電|岩石|格鬥,165,174,277,1131,1509,1886,2641,2985
132,百變怪,一般,一般,格鬥,91,91,134,356,475,594,832,940
133,伊布,一般,一般,格鬥,104,114,146,459,612,765,1071,1210
133,伊布,超極巨化,一般,格鬥,104,114,146,459,612,765,1071,1210
134,水伊布,一般,水,草|電,205,161,277,1335,1779,2225,3114,3521
135,雷伊布,一般,電,地面,232,182,163,1238,1650,2063,2888,3265
136,火伊布,一般,火,水|岩石|地面,246,179,163,1298,1730,2163,3029,3424
137,多邊獸,一般,一般,格鬥,153,136,163,737,982,1228,1720,1944
138,菊石獸,一般,岩石|水,草|電|地面|格鬥,155,153,111,662,882,1103,1544,1746
139,多刺菊石獸,一般,岩石|水,草|電|地面|格鬥,207,201,172,1194,1592,1990,2786,3150
140,化石盔,一般,岩石|水,草|電|地面|格鬥,148,140,102,587,783,979,1370,1549
141,鐮刀盔,一般,岩石|水,草|電|地面|格鬥,220,186,155,1162,1550,1938,2713,3067
142,化石翼龍,一般,岩石|飛行,水|電|岩石|冰|鋼,221,159,190,1193,1590,1988,2783,3147
142,超級化石翼龍,超級化石翼龍,岩石|飛行,水|電|岩石|冰|鋼,221,159,190,1193,1590,1988,2783,3147
143,卡比獸,一般,一般,格鬥,190,169,330,1382,1843,2304,3225,3647
143,卡比獸,超極巨化,一般,格鬥,190,169,330,1382,1843,2304,3225,3647
144,急凍鳥,一般,冰|飛行,火|電|岩石|鋼,192,236,207,1308,1743,2179,3051,3450
144,急凍鳥,伽勒爾,超能力|飛行,電|岩石|冰|幽靈|惡,250,197,207,1538,2051,2564,3590,4059
145,閃電鳥,一般,電|飛行,岩石|冰,253,185,207,1511,2015,2519,3527,3987
145,閃電鳥,伽勒爾,格鬥|飛行,電|飛行|冰|超能力|妖精,252,189,207,1521,2027,2534,3548,4012
146,火焰鳥,一般,火|飛行,水|電|岩石,251,181,207,1485,1980,2475,3465,3917
146,火焰鳥,伽勒爾,惡|飛行,電|岩石|冰|妖精,202,231,207,1357,1809,2262,3167,3580
147,迷你龍,一般,龍,冰|龍|妖精,119,91,121,430,574,717,1004,1136
148,哈克龍,一般,龍,冰|龍|妖精,163,135,156,763,1017,1271,1780,2012
149,快龍,一般,龍|飛行,岩石|冰|龍|妖精,263,198,209,1625,2167,2709,3792,4287
150,超夢,一般,超能力,蟲|幽靈|惡,300,182,214,1791,2387,2984,4178,4724
150,超級超夢Ｘ,超級超夢Ｘ,超能力|格鬥,飛行|幽靈|妖精,300,182,214,1791,2387,2984,4178,4724
150,超級超夢Ｙ,超級超夢Ｙ,超能力,蟲|飛行|惡|妖精,300,182,214,1791,2387,2984,4178,4724
151,夢幻,一般,超能力,蟲|幽靈|惡,210,210,225,1399,1865,2332,3265,3691
152,菊草葉,一般,草,火|蟲|飛行|毒|冰,92,122,128,400,534,668,935,1057
153,月桂葉,一般,草,火|蟲|飛行|毒|冰,122,155,155,623,831,1039,1454,1644
154,大竺葵,一般,草,火|蟲|飛行|毒|冰,168,202,190,1033,1377,1721,2410,2725
155,火球鼠,一般,火,水|岩石|地面,116,93,118,420,560,700,980,1108
156,火岩鼠,一般,火,水|岩石|地面,158,126,151,708,944,1180,1653,1868
157,火爆獸,一般,火,水|岩石|地面,223,173,186,1238,1651,2064,2889,3266
157,火爆獸,洗翠,火|幽靈,水|岩石|地面|幽靈|惡,223,173,186,1238,1651,2064,2889,3266
158,小鋸鱷,一般,水,草|電,117,109,137,485,646,808,1131,1279
159,藍鱷,一般,水,草|電,150,142,163,738,984,1230,1722,1947
160,大力鱷,一般,水,草|電,205,188,198,1224,1632,2040,2857,3230
161,尾立,一般,一般,格鬥,79,73,111,264,353,441,618,698
162,大尾立,一般,一般,格鬥,148,125,198,753,1004,1255,1758,1987
163,咕咕,一般,一般|飛行,電|岩石|冰,67,88,155,290,387,484,677,766
164,貓頭夜鷹,一般,一般|飛行,電|岩石|冰,145,156,225,867,1156,1446,2024,2288
165,芭瓢蟲,一般,蟲|飛行,火|電|飛行|岩石|冰,72,118,120,312,416,520,728,823
166,安瓢蟲,一般,蟲|飛行,火|電|飛行|岩石|冰,107,179,146,577,769,961,1346,1522
167,圓絲蛛,一般,蟲|毒,火|飛行|岩石|超能力,105,73,120,350,466,583,816,923
168,阿利多斯,一般,蟲|毒,火|飛行|岩石|超能力,161,124,172,759,1012,1265,1772,2003
169,叉字蝠,一般,毒|飛行,電|岩石|冰|超能力,194,178,198,1134,1512,1890,2646,2992
170,燈籠魚,一般,水|電,草|地面,106,97,181,479,639,799,1119,1265
171,電燈怪,一般,水|電,草|地面,146,137,268,893,1191,1489,2085,2357
172,皮丘,一般,電,地面,77,53,85,203,270,338,473,535
173,皮寶寶,一般,妖精,毒|鋼,75,79,137,287,383,479,671,759
174,寶寶丁,一般,一般|妖精,毒|鋼,69,32,207,229,306,382,535,605
175,波克比,一般,妖精,毒|鋼,67,116,111,282,375,470,657,743
176,波克基古,一般,妖精|飛行,電|岩石|毒|冰|鋼,139,181,146,732,976,1220,1708,1931
177,天然雀,一般,超能力|飛行,電|岩石|冰|幽靈|惡,134,89,120,472,630,787,1102,1246
178,天然鳥,一般,超能力|飛行,電|岩石|冰|幽靈|惡,192,146,163,938,1250,1563,2188,2474
179,咩利羊,一般,電,地面,114,79,146,424,566,708,991,1120
180,茸茸羊,一般,電,地面,145,109,172,652,869,1086,1521,1720
181,電龍,一般,電,地面,211,169,207,1222,1630,2037,2852,3225
181,超級電龍,超級電龍,電|龍,地面|冰|龍|妖精,211,169,207,1222,1630,2037,2852,3225
182,美麗花,一般,草,火|蟲|飛行|毒|冰,169,186,181,977,1303,1629,2281,2578
183,瑪力露,一般,水|妖精,草|電|毒,37,93,172,197,263,329,461,521
184,瑪力露麗,一般,水|妖精,草|電|毒,112,152,225,680,907,1134,1588,1795
185,樹才怪,一般,岩石,草|水|地面|格鬥|鋼,167,176,172,920,1227,1534,2148,2428
186,蚊香蛙皇,一般,水,草|電,174,179,207,1049,1399,1749,2449,2769
187,毽子草,一般,草|飛行,火|飛行|岩石|毒,67,94,111,257,342,428,600,678
188,毽子花,一般,草|飛行,火|飛行|岩石|毒,91,120,146,418,557,697,976,1103
189,毽子棉,一般,草|飛行,火|飛行|岩石|毒|冰,118,183,181,701,935,1168,1636,1850
190,長尾怪手,一般,一般,格鬥,136,112,146,578,770,963,1348,1524
191,向日種子,一般,草,火|蟲|飛行|毒|冰,55,55,102,169,226,282,395,447
192,向日花怪,一般,草,火|蟲|飛行|毒|冰,185,135,181,918,1223,1529,2141,2421
193,蜻蜻蜓,一般,蟲|飛行,火|電|飛行|岩石|冰,154,94,163,630,840,1050,1470,1662
194,烏波,一般,水|地面,草,75,66,146,275,366,458,641,725
194,烏波,帕底亞,毒|地面,水|地面|冰|超能力,75,66,146,275,366,458,641,725
195,沼王,一般,水|地面,草,152,143,216,854,1138,1423,1992,2252
196,太陽伊布,一般,超能力,蟲|幽靈|惡,261,175,163,1358,1811,2264,3170,3583
197,月亮伊布,一般,惡,蟲|格鬥|妖精,126,240,216,916,1221,1526,2137,2416
198,黑暗鴉,一般,惡|飛行,電|岩石|冰|妖精,175,87,155,669,892,1116,1562,1766
199,呆呆王,一般,水|超能力,草|電|蟲|幽靈|惡,177,180,216,1090,1454,1817,2545,2877
199,呆呆王,伽勒爾,毒|超能力,地面|幽靈|惡,190,180,216,1164,1552,1941,2717,3072
200,夢妖,一般,幽靈,幽靈|惡,167,154,155,825,1100,1376,1926,2178
201,未知圖騰,一般,超能力,蟲|幽靈|惡,136,91,134,508,677,846,1185,1339
202,果然翁,一般,超能力,蟲|幽靈|惡,60,106,382,440,586,733,1026,1160
203,麒麟奇,一般,一般|超能力,蟲|惡,182,133,172,877,1169,1462,2046,2314
204,榛果球,一般,蟲,火|飛行|岩石,108,122,137,475,633,791,1108,1253
205,佛烈托斯,一般,蟲|鋼,火,161,205,181,978,1304,1630,2282,2580
206,土龍弟弟,一般,一般,格鬥,131,128,225,724,965,1206,1689,1909
207,天蠍,一般,地面|飛行,水|冰,143,184,163,796,1061,1326,1857,2099
208,大鋼蛇,一般,鋼|地面,火|水|地面|格鬥,148,272,181,1034,1379,1724,2414,2729
208,超級大鋼蛇,超級大鋼蛇,鋼|地面,火|水|地面|格鬥,148,272,181,1034,1379,1724,2414,2729
209,布魯,一般,妖精,毒|鋼,137,85,155,530,707,884,1237,1399
210,布魯皇,一般,妖精,毒|鋼,212,131,207,1094,1458,1823,2552,2885
211,千針魚,一般,水|毒,電|地面|超能力,184,138,163,879,1172,1465,2051,2318
211,千針魚,洗翠,惡|毒,地面,184,138,163,879,1172,1465,2051,2318
212,巨鉗螳螂,一般,蟲|鋼,火,236,181,172,1286,1714,2143,3001,3393
212,超級巨鉗螳螂,超級巨鉗螳螂,蟲|鋼,火,236,181,172,1286,1714,2143,3001,3393
213,壺壺,一般,蟲|岩石,水|岩石|鋼,17,396,85,173,231,289,405,458
214,赫拉克羅斯,一般,蟲|格鬥,火|飛行|超能力|妖精,234,179,190,1329,1772,2215,3101,3506
214,超級赫拉克羅斯,超級赫拉克羅斯,蟲|格鬥,火|飛行|超能力|妖精,234,179,190,1329,1772,2215,3101,3506
215,狃拉,一般,惡|冰,火|蟲|岩石|格鬥|鋼|妖精,189,146,146,879,1172,1465,2051,2319
215,狃拉,洗翠,格鬥|毒,飛行|地面|超能力,189,146,146,879,1172,1465,2051,2319
216,熊寶寶,一般,一般,格鬥,142,93,155,569,759,949,1328,1502
217,圈圈熊,一般,一般,格鬥,236,144,207,1262,1682,2103,2945,3329
218,熔岩蟲,一般,火,水|岩石|地面,118,71,120,383,511,639,895,1011
219,熔岩蝸牛,一般,火|岩石,水|岩石|地面|格鬥,139,191,137,729,972,1215,1702,1924
220,小山豬,一般,冰|地面,草|火|水|格鬥|鋼,90,69,137,317,423,529,741,837
221,長毛豬,一般,冰|地面,草|火|水|格鬥|鋼,181,138,225,1005,1340,1675,2345,2652
222,太陽珊瑚,一般,水|岩石,草|電|地面|格鬥,118,156,146,590,787,984,1378,1558
222,太陽珊瑚,伽勒爾,幽靈,幽靈|惡,116,182,155,641,855,1069,1497,1692
223,鐵炮魚,一般,水,草|電,127,69,111,391,521,651,912,1031
224,章魚桶,一般,水,草|電,197,141,181,992,1322,1653,2315,2617
225,信使鳥,一般,冰|飛行,火|電|岩石|鋼,128,90,128,469,625,781,1094,1237
226,巨翅飛魚,一般,水|飛行,電|岩石,148,226,163,903,1204,1506,2108,2383
227,盔甲鳥,一般,鋼|飛行,火|電,148,226,163,903,1204,1506,2108,2383
228,戴魯比,一般,惡|火,水|岩石|地面|格鬥,152,83,128,529,705,881,1234,1395
229,黑魯加,一般,惡|火,水|岩石|地面|格鬥,224,144,181,1129,1505,1882,2635,2979
229,超級黑魯加,超級黑魯加,惡|火,水|岩石|地面|格鬥,224,144,181,1129,1505,1882,2635,2979
230,刺龍王,一般,水|龍,龍|妖精,194,194,181,1132,1509,1887,2641,2986
231,小小象,一般,地面,草|水|冰,107,98,207,517,689,862,1206,1364
232,頓甲,一般,地面,草|水|冰,214,185,207,1291,1722,2152,3013,3407
233,多邊獸Ⅱ,一般,一般,格鬥,198,180,198,1162,1549,1936,2711,3065
234,驚角鹿,一般,一般,格鬥,192,131,177,927,1236,1546,2164,2447
235,圖圖犬,一般,一般,格鬥,40,83,146,184,246,308,431,487
236,無畏小子,一般,格鬥,飛行|超能力|妖精,64,64,111,210,281,351,492,556
237,戰舞郎,一般,格鬥,飛行|超能力|妖精,173,207,137,924,1232,1540,2156,2438
238,迷唇娃,一般,冰|超能力,火|蟲|岩石|幽靈|惡|鋼,153,91,128,553,738,922,1291,1460
239,電擊怪,一般,電,地面,135,101,128,517,689,861,1206,1364
240,鴨嘴寶寶,一般,火,水|岩石|地面,151,99,128,567,756,945,1323,1496
241,大奶罐,一般,一般,格鬥,157,193,216,1009,1345,1682,2354,2662
242,幸福蛋,一般,一般,格鬥,129,169,496,1182,1575,1969,2757,3117
243,雷公,一般,電,地面,241,195,207,1479,1972,2466,3452,3902
244,炎帝,一般,火,水|岩石|地面,235,171,251,1488,1984,2480,3473,3926
245,水君,一般,水,草|電,180,235,225,1278,1704,2130,2983,3372
246,幼基拉斯,一般,岩石|地面,草|水|地面|冰|格鬥|鋼,115,93,137,445,594,743,1040,1176
247,沙基拉斯,一般,岩石|地面,草|水|地面|冰|格鬥|鋼,155,133,172,757,1009,1261,1766,1996
248,班基拉斯,一般,岩石|惡,草|水|蟲|地面|格鬥|鋼|妖精,251,207,225,1643,2191,2739,3834,4335
248,超級班基拉斯,超級班基拉斯,岩石|惡,草|水|蟲|地面|格鬥|鋼|妖精,251,207,225,1643,2191,2739,3834,4335
249,洛奇亞,一般,超能力|飛行,電|岩石|冰|幽靈|惡,193,310,235,1587,2115,2645,3703,4186
250,鳳王,一般,火|飛行,水|電|岩石,239,244,214,1655,2207,2759,3863,4367
251,時拉比,一般,超能力|草,火|蟲|飛行|毒|冰|幽靈|惡,210,210,225,1399,1865,2332,3265,3691
252,木守宮,一般,草,火|蟲|飛行|毒|冰,124,94,120,451,601,752,1053,1190
253,森林蜥蜴,一般,草,火|蟲|飛行|毒|冰,172,120,137,717,956,1195,1673,1891
254,蜥蜴王,一般,草,火|蟲|飛行|毒|冰,223,169,172,1181,1575,1969,2757,3117
254,超級蜥蜴王,超級蜥蜴王,草|龍,蟲|飛行|毒|冰|龍|妖精,223,169,172,1181,1575,1969,2757,3117
255,火稚雞,一般,火,水|岩石|地面,130,87,128,468,624,781,1093,1236
256,力壯雞,一般,火|格鬥,水|飛行|地面|超能力,163,115,155,708,944,1180,1652,1868
257,火焰雞,一般,火|格鬥,水|飛行|地面|超能力,240,141,190,1220,1627,2034,2848,3219
257,超級火焰雞,超級火焰雞,火|格鬥,水|飛行|地面|超能力,240,141,190,1220,1627,2034,2848,3219
258,水躍魚,一般,水,草|電,126,93,137,483,644,805,1128,1275
259,沼躍魚,一般,水|地面,,156,133,172,761,1015,1269,1776,2008
260,巨沼怪,一般,水|地面,草,208,175,225,1274,1699,2124,2974,3362
260,超級巨沼怪,超級巨沼怪,水|地面,草,208,175,225,1274,1699,2124,2974,3362
261,土狼犬,一般,惡,蟲|格鬥|妖精,96,61,111,290,387,484,678,766
262,大狼犬,一般,惡,蟲|格鬥|妖精,171,132,172,825,1100,1375,1926,2177
263,蛇紋熊,一般,一般,格鬥,58,80,116,218,290,363,508,575
263,蛇紋熊,伽勒爾,惡|一般,蟲|格鬥|妖精,58,80,116,218,290,363,508,575
264,直衝熊,一般,一般,格鬥,142,128,186,712,949,1187,1662,1879
264,直衝熊,伽勒爾,惡|一般,蟲|格鬥|妖精,142,128,186,712,949,1187,1662,1879
265,刺尾蟲,一般,蟲,火|飛行|岩石,75,59,128,247,330,413,578,653
266,甲殼繭,一般,蟲,火|飛行|岩石,60,77,137,237,316,395,553,626
267,狩獵鳳蝶,一般,蟲|飛行,火|電|飛行|岩石|冰,189,98,155,756,1009,1261,1765,1996
268,盾甲繭,一般,蟲,火|飛行|岩石,60,77,137,237,316,395,553,626
269,毒粉蛾,一般,蟲|毒,火|飛行|岩石|超能力,98,162,155,524,699,874,1224,1384
270,蓮葉童子,一般,水|草,蟲|飛行|毒,71,77,120,256,342,427,598,676
271,蓮帽小童,一般,水|草,蟲|飛行|毒,112,119,155,513,684,855,1197,1353
272,樂天河童,一般,水|草,蟲|飛行|毒,173,176,190,995,1327,1659,2323,2626
273,橡實果,一般,草,火|蟲|飛行|毒|冰,71,77,120,256,342,427,598,676
274,長鼻葉,一般,草|惡,火|蟲|飛行|毒|冰|格鬥|妖精,134,78,172,526,701,876,1227,1387
275,狡猾天狗,一般,草|惡,火|蟲|飛行|毒|冰|格鬥|妖精,200,121,207,1000,1333,1666,2333,2637
276,傲骨燕,一般,一般|飛行,電|岩石|冰,106,61,120,328,437,546,765,865
277,大王燕,一般,一般|飛行,電|岩石|冰,185,124,155,823,1097,1371,1920,2170
278,長翅鷗,一般,水|飛行,電|岩石,106,61,120,328,437,546,765,865
279,大嘴鷗,一般,水|飛行,電|岩石,175,174,155,911,1215,1519,2127,2404
280,拉魯拉絲,一般,超能力|妖精,毒|幽靈|鋼,79,59,99,231,308,385,539,609
281,奇魯莉安,一般,超能力|妖精,毒|幽靈|鋼,117,90,116,414,552,690,966,1093
282,沙奈朵,一般,超能力|妖精,毒|幽靈|鋼,237,195,169,1326,1767,2209,3093,3497
282,超級沙奈朵,超級沙奈朵,超能力|妖精,毒|鋼,237,195,169,1326,1767,2209,3093,3497
283,溜溜糖球,一般,蟲|水,電|飛行|岩石,93,87,120,339,452,565,791,894
284,雨翅蛾,一般,蟲|飛行,火|電|飛行|岩石|冰,192,150,172,973,1297,1622,2270,2567
285,蘑蘑菇,一般,草,火|蟲|飛行|毒|冰,74,110,155,347,463,578,810,916
286,斗笠菇,一般,草|格鬥,火|蟲|毒|冰|超能力|妖精,241,144,155,1126,1502,1877,2628,2971
287,懶人獺,一般,一般,格鬥,104,92,155,429,572,716,1002,1133
288,過動猿,一般,一般,格鬥,159,145,190,843,1124,1405,1968,2225
289,請假王,一般,一般,格鬥,290,166,284,1899,2532,3165,4431,5010
290,土居忍士,一般,蟲|地面,火|水|飛行|冰,80,126,104,329,439,549,768,868
291,鐵面忍者,一般,蟲|飛行,火|電|飛行|岩石|冰,199,112,156,844,1125,1406,1969,2226
292,脫殼忍者,一般,蟲|幽靈,火|飛行|岩石|幽靈|惡,153,73,1,168,224,281,393,445
293,咕妞妞,一般,一般,格鬥,92,42,162,287,383,479,671,758
294,吼爆彈,一般,一般,格鬥,134,81,197,569,758,948,1327,1500
295,爆音怪,一般,一般,格鬥,179,137,232,1006,1341,1677,2347,2654
296,幕下力士,一般,格鬥,飛行|超能力|妖精,99,54,176,350,467,583,817,924
297,鐵掌力士,一般,格鬥,飛行|超能力|妖精,209,114,302,1212,1616,2020,2829,3198
298,露力麗,一般,一般|妖精,毒|鋼,36,71,137,156,208,260,364,411
299,朝北鼻,一般,岩石,草|水|地面|格鬥|鋼,82,215,102,425,567,709,993,1123
300,向尾喵,一般,一般,格鬥,84,79,137,316,422,527,739,835
301,優雅貓,一般,一般,格鬥,132,127,172,641,854,1068,1496,1691
302,勾魂眼,一般,惡|幽靈,妖精,141,136,137,632,843,1054,1476,1668
302,超級勾魂眼,超級勾魂眼,惡|幽靈,妖精,141,136,137,632,843,1054,1476,1668
303,大嘴娃,一般,鋼|妖精,火|地面,155,141,137,700,934,1167,1634,1848
303,超級大嘴娃,超級大嘴娃,鋼|妖精,火|地面,155,141,137,700,934,1167,1634,1848
304,可可多拉,一般,鋼|岩石,水|地面|格鬥,121,141,137,560,747,934,1307,1478
305,可多拉,一般,鋼|岩石,水|地面|格鬥,158,198,155,881,1174,1468,2056,2324
306,波士可多拉,一般,鋼|岩石,水|地面|格鬥,198,257,172,1285,1714,2143,3000,3391
306,超級波士可多拉,超級波士可多拉,鋼,火|地面|格鬥,198,257,172,1285,1714,2143,3000,3391
307,瑪沙那,一般,格鬥|超能力,飛行|幽靈|妖精,78,107,102,297,396,495,693,784
308,恰雷姆,一般,格鬥|超能力,飛行|幽靈|妖精,121,152,155,613,817,1022,1431,1618
308,超級恰雷姆,超級恰雷姆,格鬥|超能力,飛行|幽靈|妖精,121,152,155,613,817,1022,1431,1618
309,落雷獸,一般,電,地面,123,78,120,413,551,689,965,1091
310,雷電獸,一般,電,地面,215,127,172,1003,1337,1672,2340,2646
310,超級雷電獸,超級雷電獸,電,地面,215,127,172,1003,1337,1672,2340,2646
311,正電拍拍,一般,電,地面,167,129,155,762,1016,1270,1778,2010
312,負電拍拍,一般,電,地面,147,150,155,726,968,1210,1694,1915
313,電螢蟲,一般,蟲,火|飛行|岩石,143,166,163,759,1012,1265,1771,2002
314,甜甜螢,一般,蟲,火|飛行|岩石,143,166,163,759,1012,1265,1771,2002
315,毒薔薇,一般,草|毒,火|飛行|冰|超能力,186,131,137,801,1068,1335,1870,2114
316,溶食獸,一般,毒,地面|超能力,80,99,172,371,495,618,866,979
317,吞食獸,一般,毒,地面|超能力,140,159,225,847,1130,1413,1978,2236
318,利牙魚,一般,水|惡,草|電|蟲|格鬥|妖精,171,39,128,437,583,729,1020,1154
319,巨牙鯊,一般,水|惡,草|電|蟲|格鬥|妖精,243,83,172,934,1246,1558,2181,2466
319,超級巨牙鯊,超級巨牙鯊,水|惡,草|電|蟲|格鬥|妖精,243,83,172,934,1246,1558,2181,2466
320,吼吼鯨,一般,水,草|電,136,68,277,629,838,1048,1468,1659
321,吼鯨王,一般,水,草|電,175,87,347,977,1302,1628,2280,2577
322,呆火駝,一般,火|地面,水|地面,119,79,155,453,604,755,1057,1196
323,噴火駝,一般,火|地面,水|地面,194,136,172,940,1253,1566,2193,2479
323,超級噴火駝,超級噴火駝,火|地面,水|地面,194,136,172,940,1253,1566,2193,2479
324,煤炭龜,一般,火,水|岩石|地面,151,203,172,897,1196,1495,2093,2366
325,跳跳豬,一般,超能力,蟲|幽靈|惡,125,122,155,571,762,953,1334,1508
326,噗噗豬,一般,超能力,蟲|幽靈|惡,171,188,190,1015,1354,1692,2369,2679
327,晃晃斑,一般,一般,格鬥,116,116,155,523,697,872,1220,1380
328,大顎蟻,一般,地面,草|水|冰,162,78,128,546,728,910,1274,1441
329,超音波幼蟲,一般,地面|龍,冰|龍|妖精,134,99,137,525,699,875,1225,1384
330,沙漠蜻蜓,一般,地面|龍,冰|龍|妖精,205,168,190,1140,1520,1901,2661,3008
331,刺球仙人掌,一般,草,火|蟲|飛行|毒|冰,156,74,137,532,709,887,1242,1404
332,夢歌仙人掌,一般,草|惡,火|蟲|飛行|毒|冰|格鬥|妖精,221,115,172,985,1313,1641,2298,2598
333,青綿鳥,一般,一般|飛行,電|岩石|冰,76,132,128,353,470,588,824,931
334,七夕青鳥,一般,龍|飛行,岩石|冰|龍|妖精,141,201,181,859,1145,1432,2004,2266
334,超級七夕青鳥,超級七夕青鳥,龍|妖精,毒|冰|鋼|妖精,141,201,181,859,1145,1432,2004,2266
335,貓鼬斬,一般,一般,格鬥,222,124,177,1036,1381,1727,2418,2733
336,飯匙蛇,一般,毒,地面|超能力,196,118,177,902,1203,1504,2105,2380
337,月石,一般,岩石|超能力,草|水|蟲|地面|幽靈|惡|鋼,178,153,207,997,1330,1662,2327,2631
338,太陽岩,一般,岩石|超能力,草|水|蟲|地面|幽靈|惡|鋼,178,153,207,997,1330,1662,2327,2631
339,泥泥鰍,一般,水|地面,草,93,82,137,351,468,585,819,925
340,鯰魚王,一般,水|地面,草,151,141,242,889,1186,1482,2075,2346
341,龍蝦小兵,一般,水,草|電,141,99,125,527,703,879,1230,1391
342,鐵螯龍蝦,一般,水|惡,草|電|蟲|格鬥|妖精,224,142,160,1060,1413,1767,2474,2797
343,天秤偶,一般,地面|超能力,草|水|蟲|冰|幽靈|惡,77,124,120,337,449,562,787,889
344,念力土偶,一般,地面|超能力,草|水|蟲|冰|幽靈|惡,140,229,155,845,1126,1408,1971,2229
345,觸手百合,一般,岩石|草,蟲|冰|格鬥|鋼,105,150,165,553,738,922,1291,1460
346,搖籃百合,一般,岩石|草,蟲|冰|格鬥|鋼,152,194,200,947,1263,1579,2211,2499
347,太古羽蟲,一般,岩石|蟲,水|岩石|鋼,176,100,128,655,874,1092,1529,1729
348,太古盔甲,一般,岩石|蟲,水|岩石|鋼,222,174,181,1221,1627,2035,2848,3220
349,醜醜魚,一般,水,草|電,29,85,85,117,157,196,274,310
350,美納斯,一般,水,草|電,192,219,216,1288,1717,2147,3005,3398
351,飄浮泡泡,一般,一般,格鬥,139,139,172,699,932,1165,1632,1845
352,變隱龍,一般,一般,格鬥,161,189,155,877,1169,1462,2047,2314
353,怨影娃娃,一般,幽靈,幽靈|惡,138,65,127,436,581,727,1018,1151
354,詛咒娃娃,一般,幽靈,幽靈|惡,218,126,162,985,1313,1642,2298,2599
354,超級詛咒娃娃,超級詛咒娃娃,幽靈,幽靈|惡,218,126,162,985,1313,1642,2298,2599
355,夜巡靈,一般,幽靈,幽靈|惡,70,162,85,302,403,504,706,798
356,彷徨夜靈,一般,幽靈,幽靈|惡,124,234,120,682,909,1136,1591,1799
357,熱帶龍,一般,草|飛行,火|飛行|岩石|毒|冰,136,163,223,831,1109,1386,1941,2194
358,風鈴鈴,一般,超能力,蟲|幽靈|惡,175,170,181,968,1291,1614,2259,2554
359,阿勃梭魯,一般,惡,蟲|格鬥|妖精,246,120,163,1083,1443,1805,2526,2856
359,超級阿勃梭魯,超級阿勃梭魯,惡,蟲|格鬥|妖精,246,120,163,1083,1443,1805,2526,2856
360,小果然,一般,超能力,蟲|幽靈|惡,41,86,216,228,305,381,534,603
361,雪童子,一般,冰,火|岩石|格鬥|鋼,95,95,137,380,507,634,888,1004
362,冰鬼護,一般,冰,火|岩石|格鬥|鋼,162,162,190,902,1203,1504,2105,2380
362,超級冰鬼護,超級冰鬼護,冰,火|岩石|格鬥|鋼,162,162,190,902,1203,1504,2105,2380
363,海豹球,一般,冰|水,草|電|岩石|格鬥,95,90,172,412,550,687,962,1088
364,海魔獅,一般,冰|水,草|電|岩石|格鬥,137,132,207,735,979,1225,1714,1938
365,帝牙海獅,一般,冰|水,草|電|岩石|格鬥,182,176,242,1168,1557,1947,2726,3081
366,珍珠貝,一般,水,草|電,133,135,111,544,726,907,1270,1436
367,獵斑魚,一般,水,草|電,197,179,146,1002,1337,1671,2340,2645
368,櫻花魚,一般,水,草|電,211,179,146,1069,1425,1781,2494,2820
369,古空棘魚,一般,水|岩石,草|電|地面|格鬥,162,203,225,1083,1444,1806,2528,2858
370,愛心魚,一般,水,草|電,81,128,125,363,484,605,848,959
371,寶貝龍,一般,龍,冰|龍|妖精,134,93,128,495,660,826,1156,1307
372,甲殼龍,一般,龍,冰|龍|妖精,172,155,163,870,1160,1451,2031,2296
373,暴飛龍,一般,龍|飛行,岩石|冰|龍|妖精,277,168,216,1607,2142,2678,3749,4239
373,超級暴飛龍,超級暴飛龍,龍|飛行,岩石|冰|龍|妖精,277,168,216,1607,2142,2678,3749,4239
374,鐵啞鈴,一般,鋼|超能力,火|地面|幽靈|惡,96,132,120,418,558,697,976,1104
375,金屬怪,一般,鋼|超能力,火|地面|幽靈|惡,138,176,155,738,983,1229,1721,1946
376,巨金怪,一般,鋼|超能力,火|地面|幽靈|惡,257,228,190,1625,2166,2708,3791,4286
376,超級巨金怪,超級巨金怪,鋼|超能力,火|地面|幽靈|惡,257,228,190,1625,2166,2708,3791,4286
377,雷吉洛克,一般,岩石,草|水|地面|格鬥|鋼,179,309,190,1338,1784,2230,3122,3530
378,雷吉艾斯,一般,冰,火|岩石|格鬥|鋼,179,309,190,1338,1784,2230,3122,3530
379,雷吉斯奇魯,一般,鋼,火|地面|格鬥,143,285,190,1048,1398,1748,2447,2766
380,拉帝亞斯,一般,龍|超能力,蟲|冰|幽靈|龍|惡|妖精,228,246,190,1504,2006,2507,3510,3968
380,超級拉帝亞斯,超級拉帝亞斯,龍|超能力,蟲|冰|幽靈|龍|惡|妖精,228,246,190,1504,2006,2507,3510,3968
381,拉帝歐斯,一般,龍|超能力,蟲|冰|幽靈|龍|惡|妖精,268,212,190,1634,2178,2723,3812,4310
381,超級拉帝歐斯,超級拉帝歐斯,龍|超能力,蟲|冰|幽靈|龍|惡|妖精,268,212,190,1634,2178,2723,3812,4310
382,蓋歐卡,一般,水,草|電,270,228,205,1764,2351,2939,4115,4652
382,原始蓋歐卡,原始蓋歐卡,水,草|電,270,228,205,1764,2351,2939,4115,4652
383,固拉多,一般,地面,草|水|冰,270,228,205,1764,2351,2939,4115,4652
383,原始固拉多,原始固拉多,地面|火,水|地面,270,228,205,1764,2351,2939,4115,4652
384,烈空坐,一般,龍|飛行,岩石|冰|龍|妖精,284,170,213,1643,2191,2739,3835,4336
384,超級烈空坐,超級烈空坐,龍|飛行,岩石|冰|龍|妖精,284,170,213,1643,2191,2739,3835,4336
385,基拉祈,一般,鋼|超能力,火|地面|幽靈|惡,210,210,225,1399,1865,2332,3265,3691
386,代歐奇希斯,一般,超能力,蟲|幽靈|惡,345,115,137,1354,1806,2257,3160,3573
386,代歐奇希斯,攻擊,超能力,蟲|幽靈|惡,345,115,137,1354,1806,2257,3160,3573
386,代歐奇希斯,速度,超能力,蟲|幽靈|惡,345,115,137,1354,1806,2257,3160,3573
386,代歐奇希斯,防禦,超能力,蟲|幽靈|惡,345,115,137,1354,1806,2257,3160,3573
387,草苗龜,一般,草,火|蟲|飛行|毒|冰,119,110,146,508,678,848,1187,1342
388,樹林龜,一般,草,火|蟲|飛行|毒|冰,157,143,181,810,1080,1350,1890,2137
389,土台龜,一般,草|地面,火|蟲|飛行|冰,202,188,216,1257,1677,2096,2934,3318
390,小火焰猴,一般,火,水|岩石|地面,113,86,127,410,547,683,957,1082
391,猛火猴,一般,火|格鬥,水|飛行|地面|超能力,158,105,162,674,899,1124,1574,1780
392,烈焰猴,一般,火|格鬥,水|飛行|地面|超能力,222,151,183,1150,1533,1916,2683,3033
393,波加曼,一般,水,草|電,112,102,142,460,614,767,1075,1215
394,波皇子,一般,水,草|電,150,139,162,729,972,1215,1701,1923
395,帝王拿波,一般,水|鋼,電|地面|格鬥,210,186,197,1243,1657,2072,2900,3279
396,姆克兒,一般,一般|飛行,電|岩石|冰,101,58,120,308,410,513,719,813
397,姆克鳥,一般,一般|飛行,電|岩石|冰,142,94,146,556,742,927,1299,1468
398,姆克鷹,一般,一般|飛行,電|岩石|冰,234,140,198,1211,1614,2018,2825,3194
399,大牙狸,一般,一般,格鬥,80,73,153,309,412,515,721,815
400,大尾狸,一般,一般|水,草|電|格鬥,162,119,188,781,1041,1302,1823,2061
401,圓法師,一般,蟲,火|飛行|岩石,45,74,114,172,229,286,401,453
402,音箱蟀,一般,蟲,火|飛行|岩石,160,100,184,708,944,1181,1653,1869
403,小貓怪,一般,電,地面,117,64,128,375,500,625,876,990
404,勒克貓,一般,電,地面,159,95,155,636,849,1061,1486,1680
405,倫琴貓,一般,電,地面,232,156,190,1237,1650,2063,2888,3265
406,含羞苞,一般,草|毒,火|飛行|冰|超能力,91,109,120,367,489,611,856,968
407,羅絲雷朵,一般,草|毒,火|飛行|冰|超能力,243,185,155,1273,1697,2122,2971,3359
408,頭蓋龍,一般,岩石,草|水|地面|格鬥|鋼,218,71,167,780,1040,1300,1820,2058
409,戰槌龍,一般,岩石,草|水|地面|格鬥|鋼,295,109,219,1413,1884,2355,3298,3728
410,盾甲龍,一般,岩石|鋼,水|地面|格鬥,76,195,102,381,509,636,890,1007
411,護城龍,一般,岩石|鋼,水|地面|格鬥,94,286,155,660,879,1100,1539,1741
412,結草兒,一般,蟲,火|飛行|岩石,53,83,120,209,279,348,488,552
412,結草兒,垃圾蓑衣,蟲,火|飛行|岩石,53,83,120,209,279,348,488,552
412,結草兒,砂土蓑衣,蟲,火|飛行|岩石,53,83,120,209,279,348,488,552
413,結草貴婦,一般,蟲|草,火|蟲|飛行|岩石|毒|冰,141,180,155,760,1013,1267,1773,2005
413,結草貴婦,垃圾蓑衣,蟲|鋼,火,141,180,155,760,1013,1267,1773,2005
413,結草貴婦,砂土蓑衣,蟲|地面,火|水|飛行|冰,141,180,155,760,1013,1267,1773,2005
414,紳士蛾,一般,蟲|飛行,火|電|飛行|岩石|冰,185,98,172,778,1037,1297,1815,2052
415,三蜜蜂,一般,蟲|飛行,火|電|飛行|岩石|冰,59,83,102,212,282,353,494,559
416,蜂女王,一般,蟲|飛行,火|電|飛行|岩石|冰,149,190,172,859,1145,1432,2005,2267
417,帕奇利茲,一般,電,地面,94,172,155,520,693,867,1213,1372
418,泳圈鼬,一般,水,草|電,132,67,146,452,602,753,1054,1192
419,浮潛鼬,一般,水,草|電,221,114,198,1047,1396,1745,2443,2762
420,櫻花寶,一般,草,火|蟲|飛行|毒|冰,108,92,128,407,542,678,950,1074
421,櫻花兒,一般,草,火|蟲|飛行|毒|冰,170,153,172,877,1170,1462,2048,2315
421,櫻花兒,晴天,草,火|蟲|飛行|毒|冰,170,153,172,877,1170,1462,2048,2315
422,無殼海兔,一般,水,草|電,103,105,183,486,649,811,1136,1284
422,無殼海兔,東海,水,草|電,103,105,183,486,649,811,1136,1284
423,海兔獸,一般,水|地面,草,169,143,244,996,1328,1660,2324,2628
423,海兔獸,東海,水|地面,草,169,143,244,996,1328,1660,2324,2628
424,雙尾怪手,一般,一般,格鬥,205,143,181,1036,1381,1727,2418,2733
425,飄飄球,一般,幽靈|飛行,電|岩石|冰|幽靈|惡,117,80,207,513,684,855,1197,1353
426,隨風球,一般,幽靈|飛行,電|岩石|冰|幽靈|惡,180,102,312,1021,1361,1701,2382,2693
427,捲捲耳,一般,一般,格鬥,130,105,146,539,719,899,1258,1423
428,長耳兔,一般,一般,格鬥,156,194,163,882,1177,1471,2059,2328
428,超級長耳兔,超級長耳兔,一般|格鬥,飛行|格鬥|超能力|妖精,156,194,163,882,1177,1471,2059,2328
429,夢妖魔,一般,幽靈,幽靈|惡,211,187,155,1121,1494,1868,2615,2957
430,烏鴉頭頭,一般,惡|飛行,電|岩石|冰|妖精,243,103,225,1162,1549,1937,2711,3065
431,魅力喵,一般,一般,格鬥,109,82,135,400,533,667,934,1056
432,東施喵,一般,一般,格鬥,172,133,174,837,1116,1395,1953,2208
433,鈴鐺響,一般,超能力,蟲|幽靈|惡,114,94,128,431,574,718,1005,1137
434,臭鼬噗,一般,毒|惡,地面,121,90,160,493,657,822,1151,1301
435,坦克臭鼬,一般,毒|惡,地面,184,132,230,1010,1347,1684,2358,2666
436,銅鏡怪,一般,鋼|超能力,火|地面|幽靈|惡,43,154,149,258,344,430,603,681
437,青銅鐘,一般,鋼|超能力,火|地面|幽靈|惡,161,213,167,959,1279,1599,2239,2531
438,盆才怪,一般,岩石,草|水|地面|格鬥|鋼,124,133,137,558,744,930,1302,1472
439,魔尼尼,一般,超能力|妖精,毒|幽靈|鋼,125,142,85,469,626,782,1095,1238
440,小福蛋,一般,一般,格鬥,25,77,225,159,212,265,371,419
441,聒噪鳥,一般,一般|飛行,電|岩石|冰,183,91,183,767,1023,1279,1791,2025
442,花岩怪,一般,幽靈|惡,妖精,169,199,137,888,1184,1480,2072,2343
443,圓陸鯊,一般,龍|地面,冰|龍|妖精,124,84,151,477,635,794,1112,1258
444,尖牙陸鯊,一般,龍|地面,冰|龍|妖精,172,125,169,803,1071,1339,1874,2119
445,烈咬陸鯊,一般,龍|地面,冰|龍|妖精,261,193,239,1698,2264,2830,3962,4479
445,超級烈咬陸鯊,超級烈咬陸鯊,龍|地面,冰|龍|妖精,261,193,239,1698,2264,2830,3962,4479
446,小卡比獸,一般,一般,格鬥,137,117,286,811,1081,1351,1892,2139
447,利歐路,一般,格鬥,飛行|超能力|妖精,127,78,120,425,567,709,993,1123
448,路卡利歐,一般,格鬥|鋼,火|地面|格鬥,236,144,172,1158,1544,1930,2703,3056
448,超級路卡利歐,超級路卡利歐,格鬥|鋼,火|地面|格鬥,236,144,172,1158,1544,1930,2703,3056
449,沙河馬,一般,地面,草|水|冰,124,118,169,582,776,970,1358,1535
450,河馬獸,一般,地面,草|水|冰,201,191,239,1322,1763,2204,3085,3488
451,鉗尾蠍,一般,毒|蟲,火|飛行|岩石|超能力,93,151,120,432,576,721,1009,1141
452,龍王蠍,一般,毒|惡,地面,180,202,172,1051,1401,1752,2453,2773
453,不良蛙,一般,毒|格鬥,飛行|地面|超能力,116,76,134,408,544,680,952,1077
454,毒骷蛙,一般,毒|格鬥,飛行|地面,211,133,195,1066,1421,1777,2488,2813
455,尖牙籠,一般,草,火|蟲|飛行|毒|冰,187,136,179,925,1233,1542,2159,2441
456,螢光魚,一般,水,草|電,96,116,135,416,555,694,971,1098
457,霓虹魚,一般,水,草|電,142,170,170,777,1036,1295,1814,2050
458,小球飛魚,一般,水|飛行,電|岩石,105,179,128,535,713,891,1248,1411
459,雪笠怪,一般,草|冰,蟲|飛行|岩石|毒|格鬥|鋼,115,105,155,497,662,828,1159,1311
460,暴雪王,一般,草|冰,蟲|飛行|岩石|毒|格鬥|鋼,178,158,207,1012,1349,1687,2362,2670
460,超級暴雪王,超級暴雪王,草|冰,火|蟲|飛行|岩石|毒|格鬥|鋼,178,158,207,1012,1349,1687,2362,2670
461,瑪狃拉,一般,惡|冰,火|蟲|岩石|格鬥|鋼|妖精,243,171,172,1288,1717,2146,3005,3397
462,自爆磁怪,一般,電|鋼,火|地面|格鬥,238,205,172,1373,1831,2289,3205,3623
463,大舌舔,一般,一般,格鬥,161,181,242,1057,1409,1762,2467,2789
464,超甲狂犀,一般,地面|岩石,草|水|地面|冰|格鬥|鋼,241,190,251,1600,2133,2667,3733,4221
465,巨蔓藤,一般,草,火|蟲|飛行|毒|冰,207,184,225,1298,1731,2164,3030,3425
466,電擊魔獸,一般,電,地面,249,163,181,1320,1759,2199,3079,3481
467,鴨嘴炎獸,一般,火,水|岩石|地面,247,172,181,1342,1790,2237,3132,3541
468,波克基斯,一般,妖精|飛行,電|岩石|毒|冰|鋼,225,217,198,1428,1904,2380,3332,3767
469,遠古巨蜓,一般,蟲|飛行,火|電|飛行|冰,231,156,200,1262,1683,2104,2946,3330
470,葉伊布,一般,草,火|蟲|飛行|毒|冰,216,219,163,1262,1682,2103,2944,3328
471,冰伊布,一般,冰,火|岩石|格鬥|鋼,238,205,163,1340,1786,2233,3126,3535
472,天蠍王,一般,地面|飛行,水|冰,185,222,181,1153,1538,1923,2692,3043
473,象牙豬,一般,冰|地面,草|火|水|格鬥|鋼,247,146,242,1426,1902,2377,3328,3763
474,多邊獸Ｚ,一般,一般,格鬥,264,150,198,1400,1866,2333,3266,3693
475,艾路雷朵,一般,超能力|格鬥,飛行|幽靈|妖精,237,195,169,1326,1767,2209,3093,3497
475,超級艾路雷朵,超級艾路雷朵,超能力|格鬥,飛行|幽靈|妖精,237,195,169,1326,1767,2209,3093,3497
476,大朝北鼻,一般,岩石|鋼,水|地面|格鬥,135,275,155,891,1188,1485,2080,2351
477,黑夜魔靈,一般,幽靈,幽靈|惡,180,254,128,1023,1364,1706,2388,2700
478,雪妖女,一般,冰|幽靈,火|岩石|幽靈|惡|鋼,171,150,172,874,1166,1457,2040,2306
479,洛托姆,一般,電|幽靈,地面|幽靈|惡,185,159,137,870,1160,1451,2031,2296
479,洛托姆,切割洛托姆,電|草,火|蟲|毒|冰,185,159,137,870,1160,1451,2031,2296
479,洛托姆,加熱洛托姆,電|火,水|岩石|地面,185,159,137,870,1160,1451,2031,2296
479,洛托姆,旋轉洛托姆,電|飛行,岩石|冰,185,159,137,870,1160,1451,2031,2296
479,洛托姆,清洗洛托姆,電|水,草|地面,185,159,137,870,1160,1451,2031,2296
479,洛托姆,結冰洛托姆,電|冰,火|岩石|地面|格鬥,185,159,137,870,1160,1451,2031,2296
480,由克希,一般,超能力,蟲|幽靈|惡,156,270,181,1081,1442,1803,2524,2853
481,艾姆利多,一般,超能力,蟲|幽靈|惡,212,212,190,1310,1747,2184,3058,3457
482,亞克諾姆,一般,超能力,蟲|幽靈|惡,270,151,181,1376,1834,2293,3210,3629
483,帝牙盧卡,一般,鋼|龍,地面|格鬥,275,211,205,1731,2307,2884,4038,4565
483,帝牙盧卡,起源,鋼|龍,地面|格鬥,275,211,205,1731,2307,2884,4038,4565
484,帕路奇亞,一般,水|龍,龍|妖精,280,215,189,1710,2280,2850,3991,4512
484,帕路奇亞,起源,水|龍,龍|妖精,280,215,189,1710,2280,2850,3991,4512
485,席多藍恩,一般,火|鋼,水|地面|格鬥,251,213,209,1609,2145,2681,3754,4244
486,雷吉奇卡斯,一般,一般,格鬥,287,210,221,1862,2483,3104,4346,4913
487,騎拉帝納,一般,幽靈|龍,冰|幽靈|龍|惡|妖精,187,225,284,1448,1931,2414,3379,3820
487,騎拉帝納,起源,幽靈|龍,冰|幽靈|龍|惡|妖精,187,225,284,1448,1931,2414,3379,3820
488,克雷色利亞,一般,超能力,蟲|幽靈|惡,152,258,260,1224,1633,2041,2857,3230
489,霏歐納,一般,水,草|電,162,162,190,902,1203,1504,2105,2380
490,瑪納霏,一般,水,草|電,210,210,225,1399,1865,2332,3265,3691
491,達克萊伊,一般,惡,蟲|格鬥|妖精,285,198,172,1602,2136,2671,3739,4227
492,謝米,一般,草,火|飛行|岩石|毒|冰,210,210,225,1399,1865,2332,3265,3691
492,謝米,天空,草|飛行,火|蟲|飛行|毒|冰,210,210,225,1399,1865,2332,3265,3691
493,阿爾宙斯,一般,一般,格鬥,238,238,237,1710,2279,2850,3989,4510
494,比克提尼,一般,超能力|火,水|岩石|地面|幽靈|惡,210,210,225,1399,1865,2332,3265,3691
495,藤藤蛇,一般,草,火|蟲|飛行|毒|冰,88,107,128,364,485,606,849,960
496,青藤蛇,一般,草,火|蟲|飛行|毒|冰,122,152,155,617,823,1029,1441,1629
497,君主蛇,一般,草,火|蟲|飛行|毒|冰,161,204,181,976,1301,1626,2277,2574
498,暖暖豬,一般,火,水|岩石|地面,115,85,163,464,618,773,1083,1224
499,炒炒豬,一般,火|格鬥,水|飛行|地面|超能力,173,106,207,824,1099,1374,1924,2175
500,炎武王,一般,火|格鬥,水|飛行|地面|超能力,235,127,242,1278,1704,2130,2982,3372
501,水水獺,一般,水,草|電,117,85,146,448,597,747,1046,1182
502,雙刃丸,一般,水,草|電,159,116,181,746,995,1243,1741,1968
503,大劍鬼,一般,水,草|電,212,157,216,1211,1614,2018,2826,3194
503,大劍鬼,洗翠,水|惡,草|電|蟲|格鬥|妖精,212,157,216,1211,1614,2018,2826,3194
504,探探鼠,一般,一般,格鬥,98,73,128,339,452,565,791,895
505,步哨鼠,一般,一般,格鬥,165,139,155,779,1039,1299,1819,2056
506,小約克,一般,一般,格鬥,107,86,128,392,523,654,915,1035
507,哈約克,一般,一般,格鬥,145,126,163,678,904,1130,1583,1789
508,長毛狗,一般,一般,格鬥,206,182,198,1211,1615,2019,2827,3196
509,扒手貓,一般,惡,蟲|格鬥|妖精,98,73,121,330,441,551,772,872
510,酷豹,一般,惡,蟲|格鬥|妖精,187,106,162,791,1055,1318,1846,2087
511,花椰猴,一般,草,火|蟲|飛行|毒|冰,104,94,137,410,546,683,956,1081
512,花椰猿,一般,草,火|蟲|飛行|毒|冰,206,133,181,1007,1343,1679,2350,2657
513,爆香猴,一般,火,水|岩石|地面,104,94,137,410,546,683,956,1081
514,爆香猿,一般,火,水|岩石|地面,206,133,181,1007,1343,1679,2350,2657
515,冷水猴,一般,水,草|電,104,94,137,410,546,683,956,1081
516,冷水猿,一般,水,草|電,206,133,181,1007,1343,1679,2350,2657
517,食夢夢,一般,超能力,蟲|幽靈|惡,111,92,183,490,654,818,1145,1294
518,夢夢蝕,一般,超能力,蟲|幽靈|惡,183,166,253,1167,1556,1945,2723,3079
519,豆豆鴿,一般,一般|飛行,電|岩石|冰,98,80,137,363,484,605,848,958
520,咕咕鴿,一般,一般|飛行,電|岩石|冰,144,107,158,618,824,1030,1442,1631
521,高傲雉雞,一般,一般|飛行,電|岩石|冰,226,146,190,1172,1562,1953,2734,3091
521,高傲雉雞,雌性,一般|飛行,電|岩石|冰,226,146,190,1172,1562,1953,2734,3091
522,斑斑馬,一般,電,地面,118,64,128,378,504,630,882,998
523,雷電斑馬,一般,電,地面,211,136,181,1040,1387,1734,2428,2745
524,石丸子,一般,岩石,草|水|地面|格鬥|鋼,121,110,146,516,688,860,1205,1362
525,地幔岩,一般,岩石,草|水|地面|格鬥|鋼,174,143,172,869,1159,1449,2029,2293
526,龐岩怪,一般,岩石,草|水|地面|格鬥|鋼,226,201,198,1383,1844,2306,3228,3650
527,滾滾蝙蝠,一般,超能力|飛行,電|岩石|冰|幽靈|惡,107,85,163,435,580,726,1016,1149
528,心蝙蝠,一般,超能力|飛行,電|岩石|冰|幽靈|惡,161,119,167,735,980,1226,1716,1940
529,螺釘地鼠,一般,地面,草|水|冰,154,85,155,589,786,983,1376,1555
530,龍頭地鼠,一般,地面|鋼,火|水|地面|格鬥,255,129,242,1390,1853,2317,3244,3667
531,差不多娃娃,一般,一般,格鬥,114,163,230,721,961,1201,1682,1902
531,超級差不多娃娃,超級差不多娃娃,一般|妖精,毒|鋼,114,163,230,721,961,1201,1682,1902
532,搬運小匠,一般,格鬥,飛行|超能力|妖精,134,87,181,563,751,939,1315,1487
533,鐵骨土人,一般,格鬥,飛行|超能力|妖精,180,134,198,929,1239,1549,2169,2452
534,修建老匠,一般,格鬥,飛行|超能力|妖精,243,158,233,1430,1907,2384,3337,3773
535,圓蝌蚪,一般,水,草|電,98,78,137,359,479,599,839,948
536,藍蟾蜍,一般,水|地面,草,128,109,181,596,795,994,1392,1574
537,蟾蜍王,一般,水|地面,草,188,150,233,1099,1465,1832,2564,2899
538,投摔鬼,一般,格鬥,飛行|超能力|妖精,172,160,260,1098,1464,1830,2562,2896
539,打擊鬼,一般,格鬥,飛行|超能力|妖精,231,153,181,1194,1593,1991,2788,3152
540,蟲寶包,一般,蟲|草,火|蟲|飛行|岩石|毒|冰,96,124,128,418,558,698,977,1105
541,寶包繭,一般,蟲|草,火|蟲|飛行|岩石|毒|冰,115,162,146,587,783,979,1370,1549
542,保母蟲,一般,蟲|草,火|蟲|飛行|岩石|毒|冰,205,165,181,1106,1474,1843,2580,2917
543,百足蜈蚣,一般,蟲|毒,火|飛行|岩石|超能力,83,99,102,302,403,504,706,799
544,車輪毬,一般,蟲|毒,火|飛行|岩石|超能力,100,173,120,490,653,817,1144,1293
545,蜈蚣王,一般,蟲|毒,火|飛行|岩石|超能力,203,175,155,1048,1398,1747,2447,2766
546,木棉球,一般,草|妖精,火|飛行|毒|冰|鋼,71,111,120,300,400,500,700,791
547,風妖精,一般,草|妖精,火|飛行|毒|冰|鋼,164,176,155,863,1151,1439,2014,2277
548,百合根娃娃,一般,草,火|蟲|飛行|毒|冰,119,91,128,441,588,736,1030,1164
549,裙兒小姐,一般,草,火|蟲|飛行|毒|冰,214,155,172,1093,1457,1821,2550,2883
549,裙兒小姐,洗翠,草|格鬥,火|飛行|毒|冰|超能力|妖精,214,155,172,1093,1457,1821,2550,2883
550,野蠻鱸魚,一般,水,草|電,189,129,172,896,1194,1493,2090,2363
550,野蠻鱸魚,白條紋,水,草|電,189,129,172,896,1194,1493,2090,2363
550,野蠻鱸魚,藍條紋,水,草|電,189,129,172,896,1194,1493,2090,2363
551,黑眼鱷,一般,地面|惡,草|水|蟲|冰|格鬥|妖精,132,69,137,444,592,741,1037,1172
552,混混鱷,一般,地面|惡,草|水|蟲|冰|格鬥|妖精,155,90,155,608,810,1013,1418,1603
553,流氓鱷,一般,地面|惡,草|水|蟲|冰|格鬥|妖精,229,158,216,1305,1740,2176,3046,3444
554,火紅不倒翁,一般,火,水|岩石|地面,153,86,172,618,823,1030,1442,1630
554,火紅不倒翁,伽勒爾,冰,火|岩石|格鬥|鋼,153,86,172,618,823,1030,1442,1630
555,達摩狒狒,一般,火,水|岩石|地面,323,123,233,1673,2231,2789,3905,4415
555,達摩狒狒,伽勒爾,冰,火|岩石|格鬥|鋼,323,123,233,1673,2231,2789,3905,4415
555,達摩狒狒,伽勒爾的樣子/達摩模式,冰|火,水|岩石|地面|格鬥,323,123,233,1673,2231,2789,3905,4415
555,達摩狒狒,達摩模式,火|超能力,水|岩石|地面|幽靈|惡,323,123,233,1673,2231,2789,3905,4415
556,沙鈴仙人掌,一般,草,火|蟲|飛行|毒|冰,201,130,181,974,1299,1624,2274,2571
557,石居蟹,一般,蟲|岩石,水|岩石|鋼,118,128,137,524,699,874,1224,1384
558,岩殿居蟹,一般,蟲|岩石,水|岩石|鋼,188,200,172,1089,1452,1815,2542,2874
559,滑滑小子,一般,惡|格鬥,飛行|格鬥|妖精,132,132,137,588,784,980,1372,1551
560,頭巾混混,一般,惡|格鬥,飛行|格鬥|妖精,163,222,163,978,1304,1631,2283,2581
561,象徵鳥,一般,超能力|飛行,電|岩石|冰|幽靈|惡,204,167,176,1093,1457,1821,2550,2883
562,哭哭面具,一般,幽靈,幽靈|惡,95,141,116,420,561,701,982,1110
562,哭哭面具,伽勒爾,地面|幽靈,草|水|冰|幽靈|惡,95,141,116,420,561,701,982,1110
563,死神棺,一般,幽靈,幽靈|惡,163,237,151,974,1299,1624,2273,2570
564,原蓋海龜,一般,水|岩石,草|電|地面|格鬥,134,146,144,638,850,1063,1488,1683
565,肋骨海龜,一般,水|岩石,草|電|地面|格鬥,192,197,179,1123,1498,1872,2621,2964
566,始祖小鳥,一般,岩石|飛行,水|電|岩石|冰|鋼,213,89,146,789,1052,1316,1842,2083
567,始祖大鳥,一般,岩石|飛行,水|電|岩石|冰|鋼,292,139,181,1427,1903,2379,3331,3766
568,破破袋,一般,毒,地面|超能力,96,122,137,428,571,714,1000,1131
569,灰塵山,一般,毒,地面|超能力,181,164,190,1005,1339,1675,2345,2651
569,灰塵山,超極巨化,毒,地面|超能力,181,164,190,1005,1339,1675,2345,2651
570,索羅亞,一般,惡,蟲|格鬥|妖精,153,78,120,503,671,839,1175,1329
570,索羅亞,洗翠,一般|幽靈,惡,153,78,120,503,671,839,1175,1329
571,索羅亞克,一般,惡,蟲|格鬥|妖精,250,127,155,1102,1469,1836,2571,2907
571,索羅亞克,洗翠,一般|幽靈,惡,250,127,155,1102,1469,1836,2571,2907
572,泡沫栗鼠,一般,一般,格鬥,98,80,146,374,498,623,872,986
573,奇諾栗鼠,一般,一般,格鬥,198,130,181,961,1281,1601,2242,2535
574,哥德寶寶,一般,超能力,蟲|幽靈|惡,98,112,128,407,543,679,951,1075
575,哥德小童,一般,超能力,蟲|幽靈|惡,137,153,155,687,916,1146,1604,1813
576,哥德小姐,一般,超能力,蟲|幽靈|惡,176,205,172,1037,1382,1728,2419,2735
577,單卵細胞球,一般,超能力,蟲|幽靈|惡,170,83,128,586,781,977,1367,1546
578,雙卵細胞球,一般,超能力,蟲|幽靈|惡,208,103,163,865,1153,1441,2018,2282
579,人造細胞卵,一般,超能力,蟲|幽靈|惡,214,148,242,1254,1672,2091,2927,3309
580,鴨寶寶,一般,水|飛行,電|岩石,84,96,158,367,489,612,856,968
581,舞天鵝,一般,水|飛行,電|岩石,182,132,181,895,1193,1491,2088,2361
582,迷你冰,一般,冰,火|岩石|格鬥|鋼,118,106,113,443,590,738,1033,1168
583,多多冰,一般,冰,火|岩石|格鬥|鋼,151,138,139,682,909,1136,1591,1799
584,雙倍多多冰,一般,冰,火|岩石|格鬥|鋼,218,184,174,1209,1612,2015,2822,3190
585,四季鹿,一般,一般|草,火|蟲|飛行|毒|冰|格鬥,115,100,155,486,648,810,1135,1283
585,四季鹿,冬天,一般|草,火|蟲|飛行|毒|冰|格鬥,115,100,155,486,648,810,1135,1283
585,四季鹿,夏天,一般|草,火|蟲|飛行|毒|冰|格鬥,115,100,155,486,648,810,1135,1283
585,四季鹿,秋天,一般|草,火|蟲|飛行|毒|冰|格鬥,115,100,155,486,648,810,1135,1283
586,萌芽鹿,一般,一般|草,火|蟲|飛行|毒|冰|格鬥,198,146,190,1035,1381,1726,2416,2732
586,萌芽鹿,冬天,一般|草,火|蟲|飛行|毒|冰|格鬥,198,146,190,1035,1381,1726,2416,2732
586,萌芽鹿,夏天,一般|草,火|蟲|飛行|毒|冰|格鬥,198,146,190,1035,1381,1726,2416,2732
586,萌芽鹿,秋天,一般|草,火|蟲|飛行|毒|冰|格鬥,198,146,190,1035,1381,1726,2416,2732
587,電飛鼠,一般,電|飛行,岩石|冰,158,127,146,700,933,1166,1633,1847
588,蓋蓋蟲,一般,蟲,火|飛行|岩石,137,87,137,506,675,844,1182,1336
589,騎士蝸牛,一般,蟲|鋼,火,223,187,172,1238,1650,2063,2889,3266
590,哎呀球菇,一般,草|毒,火|飛行|冰|超能力,97,91,170,419,559,699,979,1107
591,敗露球菇,一般,草|毒,火|飛行|冰|超能力,155,139,249,917,1223,1529,2140,2420
592,輕飄飄,一般,水|幽靈,草|電|幽靈|惡,115,134,146,539,718,898,1257,1421
592,輕飄飄,雌性,水|幽靈,草|電|幽靈|惡,115,134,146,539,718,898,1257,1421
593,胖嘟嘟,一般,水|幽靈,草|電|幽靈|惡,159,178,225,1002,1336,1670,2338,2644
593,胖嘟嘟,雌性,水|幽靈,草|電|幽靈|惡,159,178,225,1002,1336,1670,2338,2644
594,保母曼波,一般,水,草|電,138,131,338,929,1239,1549,2169,2452
595,電電蟲,一般,蟲|電,火|岩石,110,98,137,438,584,730,1023,1156
596,電蜘蛛,一般,蟲|電,火|岩石,201,128,172,945,1260,1575,2206,2494
597,種子鐵球,一般,草|鋼,火|格鬥,82,155,127,403,537,672,941,1064
598,堅果啞鈴,一般,草|鋼,火|格鬥,158,223,179,995,1326,1658,2321,2624
599,齒輪兒,一般,鋼,火|地面|格鬥,98,121,120,409,546,683,956,1081
600,齒輪組,一般,鋼,火|地面|格鬥,150,174,155,791,1055,1319,1847,2088
601,齒輪怪,一般,鋼,火|地面|格鬥,199,214,155,1130,1506,1883,2637,2981
602,麻麻小魚,一般,電,地面,105,78,111,347,463,579,811,917
603,麻麻鰻,一般,電,地面,156,130,163,735,980,1225,1715,1939
604,麻麻鰻魚王,一般,電,地面,217,152,198,1171,1561,1952,2732,3089
605,小灰怪,一般,超能力,蟲|幽靈|惡,148,100,146,593,791,989,1385,1566
606,大宇怪,一般,超能力,蟲|幽靈|惡,221,163,181,1180,1573,1966,2753,3112
607,燭光靈,一般,幽靈|火,水|岩石|地面|幽靈|惡,108,98,137,431,575,719,1006,1138
608,燈火幽靈,一般,幽靈|火,水|岩石|地面|幽靈|惡,169,115,155,732,976,1220,1708,1931
609,水晶燈火靈,一般,幽靈|火,水|岩石|地面|幽靈|惡,271,182,155,1401,1867,2335,3268,3695
610,牙牙,一般,龍,冰|龍|妖精,154,101,130,586,782,977,1368,1547
611,斧牙龍,一般,龍,冰|龍|妖精,212,123,165,957,1276,1596,2234,2526
612,雙斧戰龍,一般,龍,冰|龍|妖精,284,172,183,1540,2053,2566,3593,4062
613,噴嚏熊,一般,冰,火|岩石|格鬥|鋼,128,74,146,458,610,763,1069,1208
614,凍原熊,一般,冰,火|岩石|格鬥|鋼,233,152,216,1303,1738,2173,3042,3439
615,幾何雪花,一般,冰,火|岩石|格鬥|鋼,190,218,190,1199,1598,1998,2798,3163
616,小嘴蝸,一般,蟲,火|飛行|岩石,72,140,137,357,476,595,834,942
617,敏捷蟲,一般,蟲,火|飛行|岩石,220,120,190,1046,1395,1744,2441,2760
618,泥巴魚,一般,地面|電,草|水|地面|冰,144,171,240,926,1235,1544,2162,2445
618,泥巴魚,伽勒爾,地面|鋼,火|水|地面|格鬥,144,171,240,926,1235,1544,2162,2445
619,功夫鼬,一般,格鬥,飛行|超能力|妖精,160,98,128,595,793,992,1389,1570
620,師父鼬,一般,格鬥,飛行|超能力|妖精,258,127,163,1161,1548,1936,2710,3064
621,赤面龍,一般,龍,冰|龍|妖精,213,170,184,1171,1561,1951,2732,3088
622,泥偶小人,一般,地面|幽靈,草|水|冰|幽靈|惡,127,92,153,509,679,849,1189,1344
623,泥偶巨人,一般,地面|幽靈,草|水|冰|幽靈|惡,222,154,205,1223,1630,2038,2854,3226
624,駒刀小兵,一般,惡|鋼,火|地面|格鬥,154,114,128,614,819,1024,1433,1620
625,劈斬司令,一般,惡|鋼,火|地面|格鬥,232,176,163,1219,1625,2031,2844,3215
626,爆炸頭水牛,一般,一般,格鬥,195,182,216,1199,1598,1998,2797,3163
627,毛頭小鷹,一般,一般|飛行,電|岩石|冰,150,97,172,639,852,1065,1491,1686
628,勇士雄鷹,一般,一般|飛行,電|岩石|冰,232,152,225,1323,1764,2206,3088,3491
628,勇士雄鷹,洗翠,超能力|飛行,電|岩石|冰|幽靈|惡,232,152,225,1323,1764,2206,3088,3491
629,禿鷹丫頭,一般,惡|飛行,電|岩石|冰|妖精,105,139,172,545,726,908,1271,1437
630,禿鷹娜,一般,惡|飛行,電|岩石|冰|妖精,129,205,242,916,1221,1527,2138,2417
631,熔蟻獸,一般,火,水|岩石|地面,204,129,198,1026,1368,1711,2395,2708
632,鐵蟻,一般,蟲|鋼,火,217,188,151,1140,1519,1900,2659,3007
633,單首龍,一般,惡|龍,蟲|冰|格鬥|龍|妖精,116,93,141,455,606,758,1062,1200
634,雙首暴龍,一般,惡|龍,蟲|冰|格鬥|龍|妖精,159,135,176,788,1051,1313,1839,2079
635,三首惡龍,一般,惡|龍,蟲|冰|格鬥|龍,256,188,211,1553,2071,2589,3625,4098
636,燃燒蟲,一般,蟲|火,水|飛行|岩石,156,107,146,641,855,1069,1496,1692
637,火神蛾,一般,蟲|火,水|飛行|岩石,264,189,198,1556,2075,2594,3632,4106
638,勾帕路翁,一般,鋼|格鬥,火|地面|格鬥,192,229,209,1295,1727,2159,3022,3417
639,代拉基翁,一般,岩石|格鬥,草|水|地面|格鬥|超能力|鋼|妖精,260,192,209,1585,2113,2641,3698,4181
640,畢力吉翁,一般,草|格鬥,火|飛行|毒|冰|超能力|妖精,192,229,209,1295,1727,2159,3022,3417
641,龍捲雲,一般,飛行,電|岩石|冰,266,164,188,1433,1911,2389,3345,3782
641,龍捲雲,靈獸,飛行,電|岩石|冰,266,164,188,1433,1911,2389,3345,3782
642,雷電雲,一般,電|飛行,岩石|冰,266,164,188,1433,1911,2389,3345,3782
642,雷電雲,靈獸,電|飛行,岩石|冰,266,164,188,1433,1911,2389,3345,3782
643,萊希拉姆,一般,龍|火,岩石|地面|龍,275,211,205,1731,2307,2884,4038,4565
644,捷克羅姆,一般,龍|電,地面|冰|龍|妖精,275,211,205,1731,2307,2884,4038,4565
645,土地雲,一般,地面|飛行,水|冰,261,182,205,1538,2050,2563,3588,4057
645,土地雲,靈獸,地面|飛行,水|冰,261,182,205,1538,2050,2563,3588,4057
646,酋雷姆,一般,龍|冰,岩石|格鬥|龍|鋼|妖精,246,170,245,1532,2042,2553,3575,4041
646,酋雷姆,焰白酋雷姆,龍|冰,岩石|格鬥|龍|鋼|妖精,246,170,245,1532,2042,2553,3575,4041
646,酋雷姆,闇黑酋雷姆,龍|冰,岩石|格鬥|龍|鋼|妖精,246,170,245,1532,2042,2553,3575,4041
647,凱路迪歐,一般,水|格鬥,草|電|飛行|超能力|妖精,260,192,209,1585,2113,2641,3698,4181
647,凱路迪歐,覺悟,水|格鬥,草|電|飛行|超能力|妖精,260,192,209,1585,2113,2641,3698,4181
648,美洛耶塔,一般,一般|超能力,蟲|惡,250,225,225,1702,2269,2837,3972,4490
648,美洛耶塔,舞步,一般|格鬥,飛行|格鬥|超能力|妖精,250,225,225,1702,2269,2837,3972,4490
649,蓋諾賽克特,一般,蟲|鋼,火,252,199,174,1437,1916,2395,3353,3791
650,哈力栗,一般,草,火|蟲|飛行|毒|冰,110,106,148,469,626,783,1096,1239
651,胖胖哈力,一般,草,火|蟲|飛行|毒|冰,146,156,156,736,982,1228,1719,1943
652,布里卡隆,一般,草|格鬥,火|飛行|毒|冰|超能力|妖精,201,204,204,1266,1688,2110,2954,3340
653,火狐狸,一般,火,水|岩石|地面,116,102,120,440,587,734,1028,1162
654,長尾火狐,一般,火,水|岩石|地面,171,130,153,777,1036,1295,1813,2049
655,妖火紅狐,一般,火|超能力,水|岩石|地面|幽靈|惡,230,189,181,1311,1748,2185,3059,3459
656,呱呱泡蛙,一般,水,草|電,122,84,121,425,567,709,992,1122
657,呱頭蛙,一般,水,草|電,168,114,144,701,935,1169,1636,1850
658,甲賀忍蛙,一般,水|惡,草|電|蟲|格鬥|妖精,223,152,176,1137,1516,1896,2654,3001
659,掘掘兔,一般,一般,格鬥,68,72,116,237,316,395,553,625
660,掘地兔,一般,一般|地面,草|水|冰|格鬥,112,155,198,646,862,1078,1509,1706
661,小箭雀,一般,一般|飛行,電|岩石|冰,95,80,128,343,457,571,800,905
662,火箭雀,一般,火|飛行,水|電|岩石,145,110,158,629,839,1049,1469,1661
663,烈箭鷹,一般,火|飛行,水|電|岩石,176,155,186,945,1260,1575,2205,2493
664,粉蝶蟲,一般,蟲,火|飛行|岩石,63,63,116,211,281,351,492,556
665,粉蝶蛹,一般,蟲,火|飛行|岩石,48,89,128,205,274,342,479,542
666,彩粉蝶,一般,蟲|飛行,火|電|飛行|岩石|冰,176,103,190,795,1060,1325,1855,2097
667,小獅獅,一般,火|一般,水|岩石|地面|格鬥,139,112,158,611,814,1018,1425,1611
668,火炎獅,一般,火|一般,水|岩石|地面|格鬥,221,149,200,1186,1581,1977,2767,3129
668,火炎獅,雌性,火|一般,水|岩石|地面|格鬥,221,149,200,1186,1581,1977,2767,3129
669,花蓓蓓,一般,妖精,毒|鋼,108,120,127,455,607,759,1063,1202
670,花葉蒂,一般,妖精,毒|鋼,136,151,144,656,875,1094,1532,1732
671,花潔夫人,一般,妖精,毒|鋼,212,244,186,1386,1848,2310,3234,3657
672,坐騎小羊,一般,草,火|蟲|飛行|毒|冰,123,102,165,536,714,893,1250,1414
673,坐騎山羊,一般,草,火|蟲|飛行|毒|冰,196,146,265,1199,1598,1998,2798,3163
674,頑皮熊貓,一般,格鬥,飛行|超能力|妖精,145,107,167,638,850,1063,1489,1683
675,流氓熊貓,一般,格鬥|惡,飛行|格鬥|妖精,226,146,216,1244,1658,2073,2902,3281
676,多麗米亞,一般,一般,格鬥,164,167,181,905,1206,1508,2111,2387
677,妙喵,一般,超能力,蟲|幽靈|惡,120,114,158,539,719,899,1259,1424
678,超能妙喵,一般,超能力,蟲|幽靈|惡,166,167,179,910,1213,1517,2124,2401
678,超能妙喵,雌性,超能力,蟲|幽靈|惡,166,167,179,910,1213,1517,2124,2401
679,獨劍鞘,一般,鋼|幽靈,火|地面|幽靈|惡,135,139,128,595,794,993,1390,1571
680,雙劍鞘,一般,鋼|幽靈,火|地面|幽靈|惡,188,206,153,1047,1395,1745,2443,2761
681,堅盾劍怪,一般,鋼|幽靈,火|地面|幽靈|惡,272,97,155,1060,1413,1766,2473,2796
681,堅盾劍怪,刀劍,鋼|幽靈,火|地面|幽靈|惡,272,97,155,1060,1413,1766,2473,2796
682,粉香香,一般,妖精,毒|鋼,110,113,186,536,715,894,1252,1415
683,芳香精,一般,妖精,毒|鋼,173,150,226,1003,1337,1672,2341,2647
684,綿綿泡芙,一般,妖精,毒|鋼,109,119,158,505,673,842,1179,1333
685,胖甜妮,一般,妖精,毒|鋼,168,163,193,942,1256,1570,2199,2486
686,好啦魷,一般,惡|超能力,蟲|妖精,98,95,142,397,529,662,927,1048
687,烏賊王,一般,惡|超能力,蟲|妖精,177,165,200,1011,1347,1685,2359,2667
688,龜腳腳,一般,岩石|水,草|電|地面|格鬥,96,120,123,405,540,675,946,1069
689,龜足巨鎧,一般,岩石|水,草|電|地面|格鬥,194,205,176,1146,1528,1911,2675,3025
690,垃垃藻,一般,毒|水,電|地面|超能力,109,109,137,455,607,759,1063,1202
691,毒藻龍,一般,毒|龍,地面|冰|超能力|龍,177,207,163,1021,1362,1702,2383,2694
692,鐵臂槍蝦,一般,水,草|電,108,117,137,466,621,777,1088,1230
693,鋼炮臂蝦,一般,水,草|電,221,171,174,1184,1579,1974,2763,3124
694,傘電蜥,一般,電|一般,地面|格鬥,115,78,127,399,533,666,933,1054
695,光電傘蜥,一般,電|一般,地面|格鬥,219,168,158,1114,1485,1857,2600,2939
696,寶寶暴龍,一般,岩石|龍,地面|冰|格鬥|龍|鋼|妖精,158,123,151,700,934,1168,1635,1848
697,怪顎龍,一般,岩石|龍,地面|冰|格鬥|龍|鋼|妖精,227,191,193,1340,1787,2234,3128,3537
698,冰雪龍,一般,岩石|冰,草|水|岩石|地面|格鬥|鋼,124,109,184,584,779,974,1363,1541
699,冰雪巨龍,一般,岩石|冰,草|水|岩石|地面|格鬥|鋼,186,163,265,1201,1601,2001,2802,3168
700,仙子伊布,一般,妖精,毒|鋼,203,205,216,1315,1753,2192,3069,3470
701,摔角鷹人,一般,格鬥|飛行,電|飛行|冰|超能力|妖精,195,153,186,1033,1377,1721,2410,2724
702,咚咚鼠,一般,電|妖精,毒|地面,164,134,167,789,1051,1315,1841,2081
703,小碎鑽,一般,岩石|妖精,草|水|地面|鋼,95,285,137,628,838,1047,1467,1658
704,黏黏寶,一般,龍,冰|龍|妖精,101,112,128,418,557,697,976,1103
705,黏美兒,一般,龍,冰|龍|妖精,159,176,169,873,1164,1455,2037,2303
705,黏美兒,洗翠,鋼|龍,地面|格鬥,159,176,169,873,1164,1455,2037,2303
706,黏美龍,一般,龍,冰|龍|妖精,220,242,207,1502,2003,2504,3505,3963
706,黏美龍,洗翠,鋼|龍,地面|格鬥,220,242,207,1502,2003,2504,3505,3963
707,鑰圈兒,一般,鋼|妖精,火|地面,160,179,149,835,1114,1392,1949,2204
708,小木靈,一般,幽靈|草,火|飛行|冰|幽靈|惡,125,103,125,481,642,802,1123,1270
709,朽木妖,一般,幽靈|草,火|飛行|冰|幽靈|惡,201,154,198,1097,1462,1828,2559,2893
710,南瓜精,一般,幽靈|草,火|飛行|冰|幽靈|惡,121,123,135,523,698,872,1222,1381
711,南瓜怪人,一般,幽靈|草,火|飛行|冰|幽靈|惡,175,213,163,1024,1366,1707,2390,2702
712,冰寶,一般,冰,火|岩石|格鬥|鋼,117,120,146,520,694,868,1215,1374
713,冰岩怪,一般,冰,火|岩石|格鬥|鋼,196,240,216,1370,1827,2284,3198,3615
713,冰岩怪,洗翠,冰|岩石,草|水|岩石|地面|格鬥|鋼,196,240,216,1370,1827,2284,3198,3615
714,嗡蝠,一般,飛行|龍,岩石|冰|龍|妖精,83,73,120,285,381,476,667,754
715,音波龍,一般,飛行|龍,岩石|冰|龍|妖精,205,175,198,1184,1579,1974,2764,3125
716,哲爾尼亞斯,一般,妖精,毒|鋼,250,185,246,1620,2160,2701,3781,4275
717,伊裴爾塔爾,一般,惡|飛行,電|岩石|冰|妖精,250,185,246,1620,2160,2701,3781,4275
718,基格爾德,一般,龍|地面,冰|龍|妖精,203,232,239,1461,1948,2436,3410,3855
718,基格爾德,完全體,龍|地面,冰|龍|妖精,203,232,239,1461,1948,2436,3410,3855
718,基格爾德,１０％,龍|地面,冰|龍|妖精,203,232,239,1461,1948,2436,3410,3855
719,蒂安希,一般,岩石|妖精,草|水|地面|鋼,190,285,137,1171,1562,1953,2734,3091
719,超級蒂安希,超級蒂安希,岩石|妖精,草|水|地面|鋼,190,285,137,1171,1562,1953,2734,3091
720,胡帕,一般,超能力|幽靈,幽靈|惡,261,187,173,1439,1919,2399,3359,3797
720,胡帕,解放胡帕,超能力|惡,蟲|妖精,261,187,173,1439,1919,2399,3359,3797
721,波爾凱尼恩,一般,火|水,電|岩石|地面,252,216,190,1555,2073,2592,3628,4102
722,木木梟,一般,草|飛行,火|飛行|岩石|毒|冰,102,99,169,453,604,755,1058,1196
723,投羽梟,一般,草|飛行,火|飛行|岩石|毒|冰,142,139,186,739,985,1232,1725,1950
724,狙射樹梟,一般,草|幽靈,火|飛行|冰|幽靈|惡,210,179,186,1189,1585,1982,2775,3137
724,狙射樹梟,洗翠,草|格鬥,火|飛行|毒|冰|超能力|妖精,210,179,186,1189,1585,1982,2775,3137
725,火斑喵,一般,火,水|岩石|地面,128,79,128,443,591,739,1035,1170
726,炎熱喵,一般,火,水|岩石|地面,174,103,163,733,977,1222,1710,1934
727,熾焰咆哮虎,一般,火|惡,水|岩石|地面|格鬥,214,175,216,1284,1712,2140,2996,3387
728,球球海獅,一般,水,草|電,120,103,137,483,645,806,1129,1276
729,花漾海獅,一般,水,草|電,168,145,155,807,1077,1346,1885,2131
730,西獅海壬,一般,水|妖精,草|電|毒,232,195,190,1371,1829,2286,3200,3618
731,小篤兒,一般,一般|飛行,電|岩石|冰,136,59,111,390,520,650,910,1029
732,喇叭啄鳥,一般,一般|飛行,電|岩石|冰,159,100,146,633,844,1056,1478,1671
733,銃嘴大鳥,一般,一般|飛行,電|岩石|冰,222,146,190,1152,1536,1920,2689,3040
734,貓鼬少,一般,一般,格鬥,122,56,134,377,502,628,880,994
735,貓鼬探長,一般,一般,格鬥,194,113,204,936,1248,1561,2185,2470
736,強顎雞母蟲,一般,蟲,火|飛行|岩石,115,85,132,421,562,703,984,1112
737,蟲電寶,一般,蟲|電,火|岩石,145,161,149,727,970,1212,1697,1919
738,鍬農炮蟲,一般,蟲|電,火|岩石,254,158,184,1336,1781,2226,3117,3524
739,好勝蟹,一般,格鬥,飛行|超能力|妖精,150,104,132,584,778,973,1363,1540
740,好勝毛蟹,一般,格鬥|冰,火|飛行|格鬥|超能力|鋼|妖精,231,138,219,1246,1661,2076,2907,3286
741,花舞鳥,一般,火|飛行,水|電|岩石,196,145,181,1000,1333,1667,2333,2638
741,花舞鳥,呼拉呼拉風格,超能力|飛行,電|岩石|冰|幽靈|惡,196,145,181,1000,1333,1667,2333,2638
741,花舞鳥,啪滋啪滋風格,電|飛行,岩石|冰,196,145,181,1000,1333,1667,2333,2638
741,花舞鳥,輕盈輕盈風格,幽靈|飛行,電|岩石|冰|幽靈|惡,196,145,181,1000,1333,1667,2333,2638
742,萌虻,一般,蟲|妖精,火|飛行|岩石|毒|鋼,110,81,120,380,507,634,888,1004
743,蝶結萌虻,一般,蟲|妖精,火|飛行|岩石|毒|鋼,198,146,155,943,1257,1572,2200,2488
744,岩狗狗,一般,岩石,草|水|地面|格鬥|鋼,117,78,128,407,543,679,950,1074
745,鬃岩狼人,一般,岩石,草|水|地面|格鬥|鋼,234,139,181,1158,1543,1929,2701,3054
745,鬃岩狼人,黃昏,岩石,草|水|地面|格鬥|鋼,234,139,181,1158,1543,1929,2701,3054
745,鬃岩狼人,黑夜,岩石,草|水|地面|格鬥|鋼,234,139,181,1158,1543,1929,2701,3054
746,弱丁魚,一般,水,草|電,46,43,128,148,198,247,346,392
746,弱丁魚,魚群,水,草|電,46,43,128,148,198,247,346,392
747,好壞星,一般,毒|水,電|地面|超能力,98,110,137,416,555,694,972,1099
748,超壞星,一般,毒|水,電|地面|超能力,114,273,137,722,963,1204,1685,1905
749,泥驢仔,一般,地面,草|水|冰,175,121,172,811,1081,1351,1892,2139
750,重泥挽馬,一般,地面,草|水|冰,214,174,225,1305,1740,2175,3046,3443
751,滴蛛,一般,水|蟲,電|飛行|岩石,72,117,116,306,408,510,714,807
752,滴蛛霸,一般,水|蟲,電|飛行|岩石,126,219,169,783,1044,1305,1827,2065
753,偽螳草,一般,草,火|蟲|飛行|毒|冰,100,64,120,317,423,529,741,838
754,蘭螳花,一般,草,火|蟲|飛行|毒|冰,192,169,172,1027,1370,1713,2398,2711
755,睡睡菇,一般,草|妖精,火|飛行|毒|冰|鋼,108,119,120,442,590,738,1033,1168
756,燈罩夜菇,一般,草|妖精,火|飛行|毒|冰|鋼,154,168,155,797,1063,1329,1861,2104
757,夜盜火蜥,一般,毒|火,水|岩石|地面|超能力,136,80,134,480,641,801,1122,1268
758,焰后蜥,一般,毒|火,水|岩石|地面|超能力,228,130,169,1062,1416,1770,2479,2802
759,童偶熊,一般,一般|格鬥,飛行|格鬥|超能力|妖精,136,95,172,579,772,966,1352,1529
760,穿著熊,一般,一般|格鬥,飛行|格鬥|超能力|妖精,226,141,260,1336,1781,2226,3117,3524
761,甜竹竹,一般,草,火|蟲|飛行|毒|冰,55,69,123,201,268,336,470,532
762,甜舞妮,一般,草,火|蟲|飛行|毒|冰,78,94,141,324,432,541,757,856
763,甜冷美后,一般,草,火|蟲|飛行|毒|冰,222,195,176,1270,1693,2117,2964,3351
764,花療環環,一般,妖精,毒|鋼,165,215,139,906,1209,1511,2115,2392
765,智揮猩,一般,一般|超能力,蟲|惡,168,192,207,1050,1400,1750,2450,2770
766,投擲猴,一般,格鬥,飛行|超能力|妖精,222,160,225,1300,1733,2166,3033,3429
767,膽小蟲,一般,蟲|水,電|飛行|岩石,67,74,93,215,286,358,502,567
768,具甲武者,一般,蟲|水,電|飛行|岩石,218,226,181,1355,1807,2259,3162,3575
769,沙丘娃,一般,幽靈|地面,草|水|冰|幽靈|惡,120,118,146,528,705,881,1233,1394
770,噬沙堡爺,一般,幽靈|地面,草|水|冰|幽靈|惡,178,178,198,1047,1396,1745,2444,2763
771,拳海參,一般,水,草|電,97,224,146,588,784,980,1372,1551
772,屬性：空,一般,一般,格鬥,184,184,216,1142,1522,1903,2664,3012
773,銀伴戰獸,一般,一般,格鬥,198,198,216,1264,1686,2107,2950,3336
774,小隕星,一般,岩石|飛行,水|電|岩石|冰|鋼,218,131,155,982,1310,1637,2292,2591
774,小隕星,紅色核心,岩石|飛行,水|電|岩石|冰|鋼,218,131,155,982,1310,1637,2292,2591
775,樹枕尾熊,一般,一般,格鬥,216,165,163,1106,1475,1844,2582,2919
776,爆焰龜獸,一般,火|龍,岩石|地面|龍,165,215,155,952,1270,1587,2223,2513
777,托戈德瑪爾,一般,電|鋼,火|地面|格鬥,190,145,163,926,1234,1543,2160,2442
778,謎擬Ｑ,一般,幽靈|妖精,幽靈|鋼,177,199,146,954,1271,1589,2225,2516
779,磨牙彩皮魚,一般,水|超能力,草|電|蟲|幽靈|惡,208,145,169,1024,1365,1707,2389,2701
780,老翁龍,一般,一般|龍,冰|格鬥|龍|妖精,231,164,186,1249,1665,2081,2914,3294
781,破破舵輪,一般,幽靈|草,火|飛行|冰|幽靈|惡,233,179,172,1264,1685,2107,2950,3335
782,心鱗寶,一般,龍,冰|龍|妖精,102,108,128,415,553,692,969,1095
783,鱗甲龍,一般,龍|格鬥,飛行|冰|超能力|龍|妖精,145,162,146,723,963,1204,1686,1907
784,杖尾鱗甲龍,一般,龍|格鬥,飛行|冰|超能力|龍|妖精,222,240,181,1418,1890,2363,3309,3741
785,卡璞・鳴鳴,一般,電|妖精,毒|地面,250,181,172,1358,1810,2263,3168,3582
786,卡璞・蝶蝶,一般,超能力|妖精,毒|幽靈|鋼,259,208,172,1497,1996,2496,3494,3950
787,卡璞・哞哞,一般,草|妖精,火|飛行|冰|鋼,249,215,172,1465,1953,2442,3419,3865
788,卡璞・鰭鰭,一般,水|妖精,草|電|毒,189,254,172,1224,1632,2041,2857,3230
789,科斯莫古,一般,超能力,蟲|幽靈|惡,54,57,125,185,247,309,432,489
790,科斯莫姆,一般,超能力,蟲|幽靈|惡,54,242,125,350,467,583,817,924
791,索爾迦雷歐,一般,超能力|鋼,火|地面|幽靈|惡,255,191,264,1732,2310,2887,4042,4570
792,露奈雅拉,一般,超能力|幽靈,幽靈|惡,255,191,264,1732,2310,2887,4042,4570
793,虛吾伊德,一般,岩石|毒,水|地面|超能力|鋼,249,210,240,1692,2256,2821,3949,4465
794,爆肌蚊,一般,蟲|格鬥,火|飛行|超能力|妖精,236,196,216,1483,1977,2472,3461,3912
795,費洛美螂,一般,蟲|格鬥,火|飛行|超能力|妖精,316,85,174,1218,1624,2030,2842,3213
796,電束木,一般,電,地面,330,144,195,1687,2249,2812,3937,4451
797,鐵火輝夜,一般,鋼|飛行,火|電,207,199,219,1329,1772,2216,3102,3507
798,紙御劍,一般,草|鋼,火|格鬥,323,182,139,1575,2101,2626,3677,4156
799,惡食大王,一般,惡|龍,蟲|冰|格鬥|龍|妖精,188,99,440,1237,1650,2062,2887,3264
800,奈克洛茲瑪,一般,超能力,蟲|幽靈|惡,251,195,219,1578,2104,2630,3682,4163
800,奈克洛茲瑪,拂曉之翼,超能力|幽靈,幽靈|惡,251,195,219,1578,2104,2630,3682,4163
800,奈克洛茲瑪,究極奈克洛茲瑪,超能力|龍,蟲|冰|幽靈|龍|惡|妖精,251,195,219,1578,2104,2630,3682,4163
800,奈克洛茲瑪,黃昏之鬃,超能力|鋼,火|地面|幽靈|惡,251,195,219,1578,2104,2630,3682,4163
801,瑪機雅娜,一般,鋼|妖精,火|地面,246,225,190,1549,2066,2582,3615,4087
802,瑪夏多,一般,格鬥|幽靈,飛行|超能力|幽靈|妖精,265,190,207,1599,2131,2664,3730,4217
803,毒貝比,一般,毒,地面|超能力,145,133,167,702,937,1171,1640,1854
804,四顎針龍,一般,毒|龍,地面|冰|超能力|龍,263,159,177,1360,1813,2266,3173,3587
805,壘磊石,一般,岩石|鋼,水|地面|格鬥,213,298,156,1412,1882,2353,3294,3724
806,砰頭小丑,一般,火|幽靈,水|岩石|地面|幽靈|惡,315,148,142,1413,1884,2355,3297,3727
807,捷拉奧拉,一般,電,地面,252,177,204,1465,1953,2442,3419,3865
808,美錄坦,一般,鋼,火|地面|格鬥,118,99,130,457,610,762,1068,1207
809,美錄梅塔,一般,鋼,火|地面|格鬥,226,190,264,1542,2056,2571,3599,4069
810,敲音猴,一般,草,火|蟲|飛行|毒|冰,122,91,137,465,620,775,1086,1227
811,啪咚猴,一般,草,火|蟲|飛行|毒|冰,165,134,172,804,1072,1340,1876,2121
812,轟擂金剛猩,一般,草,火|蟲|飛行|毒|冰,239,168,225,1424,1899,2374,3324,3758
812,轟擂金剛猩,超極巨化,草,火|蟲|飛行|毒|冰,239,168,225,1424,1899,2374,3324,3758
813,炎兔兒,一般,火,水|岩石|地面,132,79,137,470,627,783,1097,1240
814,騰蹴小將,一般,火,水|岩石|地面,170,125,163,781,1042,1302,1824,2062
815,閃焰王牌,一般,火,水|岩石|地面,238,163,190,1293,1724,2156,3018,3412
815,閃焰王牌,超極巨化,火,水|岩石|地面,238,163,190,1293,1724,2156,3018,3412
816,淚眼蜥,一般,水,草|電,132,79,137,470,627,783,1097,1240
817,變澀蜥,一般,水,草|電,186,113,163,812,1082,1353,1894,2142
818,千面避役,一般,水,草|電,262,142,172,1270,1693,2117,2964,3351
818,千面避役,超極巨化,水,草|電,262,142,172,1270,1693,2117,2964,3351
819,貪心栗鼠,一般,一般,格鬥,95,86,172,404,539,674,944,1067
820,藏飽栗鼠,一般,一般,格鬥,160,156,260,1015,1354,1693,2370,2679
821,稚山雀,一般,飛行,電|岩石|冰,88,67,116,285,380,476,666,753
822,藍鴉,一般,飛行,電|岩石|冰,129,110,169,584,779,974,1363,1542
823,鋼鎧鴉,一般,飛行|鋼,火|電,163,192,221,1053,1404,1755,2457,2777
823,鋼鎧鴉,超極巨化,飛行|鋼,火|電,163,192,221,1053,1404,1755,2457,2777
824,索偵蟲,一般,蟲,火|飛行|岩石,46,67,93,153,204,256,358,405
825,天罩蟲,一般,蟲|超能力,火|蟲|飛行|岩石|幽靈|惡,87,157,137,441,588,735,1030,1164
826,以歐路普,一般,蟲|超能力,火|蟲|飛行|岩石|幽靈|惡,156,240,155,953,1270,1588,2223,2513
826,以歐路普,超極巨化,蟲|超能力,火|蟲|飛行|岩石|幽靈|惡,156,240,155,953,1270,1588,2223,2513
827,偷兒狐,一般,惡,蟲|格鬥|妖精,85,82,120,306,408,510,714,808
828,狐大盜,一般,惡,蟲|格鬥|妖精,172,164,172,915,1221,1526,2136,2415
829,幼棉棉,一般,草,火|蟲|飛行|毒|冰,70,104,120,288,384,480,672,760
830,白蓬蓬,一般,草,火|蟲|飛行|毒|冰,148,211,155,855,1140,1425,1995,2255
831,毛辮羊,一般,一般,格鬥,76,97,123,302,403,504,706,798
832,毛毛角羊,一般,一般,格鬥,159,198,176,939,1252,1565,2191,2478
833,咬咬龜,一般,水,草|電,114,85,137,425,567,709,993,1123
834,暴噬龜,一般,水|岩石,草|電|地面|格鬥,213,164,207,1216,1622,2027,2838,3209
834,暴噬龜,超極巨化,水|岩石,草|電|地面|格鬥,213,164,207,1216,1622,2027,2838,3209
835,來電汪,一般,電,地面,80,90,153,337,450,562,788,890
836,逐電犬,一般,電,地面,197,131,170,932,1243,1554,2176,2460
837,小炭仔,一般,岩石,草|水|地面|格鬥|鋼,73,91,102,262,349,437,612,691
838,大炭車,一般,岩石|火,水|岩石|地面|格鬥,114,157,190,648,864,1080,1512,1710
839,巨炭山,一般,岩石|火,水|岩石|地面|格鬥,146,198,242,1008,1344,1680,2352,2659
839,巨炭山,超極巨化,岩石|火,水|岩石|地面|格鬥,146,198,242,1008,1344,1680,2352,2659
840,啃果蟲,一般,草|龍,蟲|飛行|毒|冰|龍|妖精,71,116,120,306,408,510,714,807
841,蘋裹龍,一般,草|龍,蟲|飛行|毒|冰|龍|妖精,214,144,172,1057,1409,1761,2466,2788
841,蘋裹龍,超極巨化,草|龍,蟲|飛行|毒|冰|龍|妖精,214,144,172,1057,1409,1761,2466,2788
842,豐蜜龍,一般,草|龍,蟲|飛行|毒|冰|龍|妖精,178,146,242,1050,1401,1751,2452,2772
842,豐蜜龍,超極巨化,草|龍,蟲|飛行|毒|冰|龍|妖精,178,146,242,1050,1401,1751,2452,2772
843,沙包蛇,一般,地面,草|水|冰,103,123,141,463,617,772,1081,1222
844,沙螺蟒,一般,地面,草|水|冰,202,207,176,1196,1594,1993,2790,3155
844,沙螺蟒,超極巨化,地面,草|水|冰,202,207,176,1196,1594,1993,2790,3155
845,古月鳥,一般,飛行|水,電|岩石,173,163,172,918,1224,1530,2142,2421
846,刺梭魚,一般,水,草|電,118,72,121,387,516,645,903,1021
847,戽斗尖梭,一般,水,草|電,258,127,156,1138,1518,1897,2656,3003
848,毒電嬰,一般,電|毒,地面|超能力,97,65,120,311,415,519,726,821
849,顫弦蠑螈,一般,電|毒,地面|超能力,224,140,181,1115,1486,1858,2601,2941
849,顫弦蠑螈,低調,電|毒,地面|超能力,224,140,181,1115,1486,1858,2601,2941
849,顫弦蠑螈,低調的樣子/超極巨化,電|毒,地面|超能力,224,140,181,1115,1486,1858,2601,2941
849,顫弦蠑螈,高調的樣子/超極巨化,電|毒,地面|超能力,224,140,181,1115,1486,1858,2601,2941
850,燒火蚣,一般,火|蟲,水|飛行|岩石,118,90,137,449,599,749,1049,1186
851,焚焰蚣,一般,火|蟲,水|飛行|岩石,220,158,225,1281,1708,2136,2990,3381
851,焚焰蚣,超極巨化,火|蟲,水|飛行|岩石,220,158,225,1281,1708,2136,2990,3381
852,拳拳蛸,一般,格鬥,飛行|超能力|妖精,121,103,137,487,650,812,1137,1286
853,八爪武師,一般,格鬥,飛行|超能力|妖精,209,162,190,1142,1522,1903,2664,3012
854,來悲茶,一般,幽靈,幽靈|惡,134,96,120,488,650,813,1139,1287
854,來悲茶,真品,幽靈,幽靈|惡,134,96,120,488,650,813,1139,1287
855,怖思壺,一般,幽靈,幽靈|惡,248,189,155,1311,1747,2185,3058,3458
855,怖思壺,真品,幽靈,幽靈|惡,248,189,155,1311,1747,2185,3058,3458
856,迷布莉姆,一般,超能力,蟲|幽靈|惡,98,93,123,369,492,615,861,974
857,提布莉姆,一般,超能力,蟲|幽靈|惡,153,133,149,700,934,1167,1634,1848
858,布莉姆溫,一般,超能力|妖精,毒|幽靈|鋼,237,182,149,1212,1616,2020,2829,3198
858,布莉姆溫,超極巨化,超能力|妖精,毒|幽靈|鋼,237,182,149,1212,1616,2020,2829,3198
859,搗蛋小妖,一般,惡|妖精,毒|鋼|妖精,103,69,128,346,461,576,807,913
860,詐唬魔,一般,惡|妖精,毒|鋼|妖精,145,102,163,618,824,1030,1442,1630
861,長毛巨魔,一般,惡|妖精,毒|鋼|妖精,227,139,216,1221,1628,2036,2850,3222
861,長毛巨魔,超極巨化,惡|妖精,毒|鋼|妖精,227,139,216,1221,1628,2036,2850,3222
862,堵攔熊,一般,惡|一般,蟲|格鬥|妖精,180,194,212,1137,1515,1894,2652,2999
863,喵頭目,一般,鋼,火|地面|格鬥,195,162,172,1022,1363,1704,2386,2697
864,魔靈珊瑚,一般,幽靈,幽靈|惡,253,182,155,1312,1750,2188,3063,3463
865,蔥遊兵,一般,格鬥,飛行|超能力|妖精,248,176,158,1279,1706,2132,2985,3375
866,踏冰人偶,一般,冰|超能力,火|蟲|岩石|幽靈|惡|鋼,212,179,190,1211,1615,2019,2827,3196
867,死神板,一般,地面|幽靈,草|水|冰|幽靈|惡,163,237,151,974,1299,1624,2273,2570
868,小仙奶,一般,妖精,毒|鋼,90,97,128,355,474,592,829,938
869,霜奶仙,一般,妖精,毒|鋼,203,203,163,1149,1532,1915,2682,3032
869,霜奶仙,超極巨化,妖精,毒|鋼,203,203,163,1149,1532,1915,2682,3032
870,列陣兵,一般,格鬥,飛行|超能力|妖精,193,170,163,1010,1347,1683,2357,2665
871,啪嚓海膽,一般,電,地面,176,161,134,827,1103,1379,1931,2183
872,雪吞蟲,一般,冰|蟲,火|飛行|岩石|鋼,76,59,102,226,302,377,528,597
873,雪絨蛾,一般,冰|蟲,火|飛行|岩石|鋼,230,155,172,1169,1558,1948,2728,3084
874,巨石丁,一般,岩石,草|水|地面|格鬥|鋼,222,182,225,1379,1839,2299,3218,3638
875,冰砌鵝,一般,冰,火|岩石|格鬥|鋼,148,195,181,885,1180,1475,2065,2335
875,冰砌鵝,解凍頭,冰,火|岩石|格鬥|鋼,148,195,181,885,1180,1475,2065,2335
876,愛管侍,一般,超能力|一般,蟲|惡,184,184,172,1027,1370,1712,2397,2710
876,愛管侍,雌性,超能力|一般,蟲|惡,184,184,172,1027,1370,1712,2397,2710
877,莫魯貝可,一般,電|惡,蟲|地面|格鬥,192,121,151,832,1110,1387,1942,2196
877,莫魯貝可,空腹花紋,電|惡,蟲|地面|格鬥,192,121,151,832,1110,1387,1942,2196
878,銅象,一般,鋼,火|地面|格鬥,140,91,176,590,787,983,1377,1557
879,大王銅象,一般,鋼,火|地面|格鬥,226,126,263,1277,1702,2128,2980,3369
879,大王銅象,超極巨化,鋼,火|地面|格鬥,226,126,263,1277,1702,2128,2980,3369
880,雷鳥龍,一般,電|龍,地面|冰|龍|妖精,195,165,207,1123,1498,1872,2621,2964
881,雷鳥海獸,一般,電|冰,火|岩石|地面|格鬥,190,166,207,1100,1466,1833,2566,2901
882,鰓魚龍,一般,水|龍,龍|妖精,175,185,207,1071,1428,1786,2500,2826
883,鰓魚海獸,一般,水|冰,草|電|岩石|格鬥,171,185,207,1049,1398,1748,2447,2767
884,鋁鋼龍,一般,鋼|龍,地面|格鬥,239,185,172,1314,1753,2191,3067,3468
884,鋁鋼龍,超極巨化,鋼|龍,地面|格鬥,239,185,172,1314,1753,2191,3067,3468
885,多龍梅西亞,一般,龍|幽靈,冰|幽靈|龍|惡|妖精,117,61,99,328,438,548,767,867
886,多龍奇,一般,龍|幽靈,冰|幽靈|龍|惡|妖精,163,105,169,708,943,1180,1651,1867
887,多龍巴魯托,一般,龍|幽靈,冰|幽靈|龍|惡|妖精,266,170,204,1514,2018,2523,3532,3993
888,蒼響,一般,妖精,毒|鋼,332,240,192,2134,2845,3556,4979,5629
888,蒼響,劍之王,妖精|鋼,火|地面,332,240,192,2134,2845,3556,4979,5629
889,藏瑪然特,一般,格鬥,飛行|超能力|妖精,250,292,192,1788,2384,2980,4172,4717
889,藏瑪然特,盾之王,格鬥|鋼,火|地面|格鬥,250,292,192,1788,2384,2980,4172,4717
890,無極汰那,一般,毒|龍,地面|冰|超能力|龍,278,192,268,1898,2530,3163,4429,5007
891,熊徒弟,一般,格鬥,飛行|超能力|妖精,170,112,155,727,970,1212,1697,1919
892,武道熊師,一般,格鬥|惡,飛行|格鬥|妖精,254,177,225,1545,2060,2576,3606,4077
892,武道熊師,一擊流／超極巨化,格鬥|惡,飛行|格鬥|妖精,254,177,225,1545,2060,2576,3606,4077
892,武道熊師,連擊流,格鬥|水,草|電|飛行|超能力|妖精,254,177,225,1545,2060,2576,3606,4077
892,武道熊師,連擊流／超極巨化,格鬥|水,草|電|飛行|超能力|妖精,254,177,225,1545,2060,2576,3606,4077
893,薩戮德,一般,惡|草,火|蟲|飛行|毒|冰|格鬥|妖精,242,215,233,1643,2190,2738,3833,4334
894,雷吉艾勒奇,一般,電,地面,250,125,190,1201,1602,2002,2803,3169
895,雷吉鐸拉戈,一般,龍,冰|龍|妖精,202,101,400,1274,1699,2124,2973,3361
896,雪暴馬,一般,冰,火|岩石|格鬥|鋼,246,223,225,1669,2226,2782,3895,4404
897,靈幽馬,一般,幽靈,幽靈|惡,273,146,205,1450,1934,2418,3385,3827
898,蕾冠王,一般,超能力|草,火|蟲|飛行|毒|冰|幽靈|惡,162,162,225,976,1301,1627,2278,2575
898,蕾冠王,騎白馬,超能力|冰,火|蟲|岩石|幽靈|惡|鋼,162,162,225,976,1301,1627,2278,2575
898,蕾冠王,騎黑馬,超能力|幽靈,幽靈|惡,162,162,225,976,1301,1627,2278,2575
899,詭角鹿,一般,一般|超能力,蟲|惡,206,145,230,1171,1561,1952,2732,3089
900,劈斧螳螂,一般,蟲|岩石,水|岩石|鋼,253,174,172,1348,1798,2247,3146,3557
901,月月熊,一般,地面|一般,草|水|冰|格鬥,243,181,277,1652,2202,2753,3854,4358
901,月月熊,赫月,地面|一般,草|水|冰|格鬥,243,181,277,1652,2202,2753,3854,4358
902,幽尾玄魚,一般,水|幽靈,草|電|幽靈|惡,199,144,260,1197,1597,1996,2794,3159
902,幽尾玄魚,雌性,水|幽靈,草|電|幽靈|惡,199,144,260,1197,1597,1996,2794,3159
903,大狃拉,一般,格鬥|毒,飛行|地面|超能力,259,158,190,1381,1841,2302,3222,3643
904,萬針魚,一般,惡|毒,地面,222,171,198,1262,1683,2104,2946,3330
905,眷戀雲,一般,妖精|飛行,電|岩石|毒|冰|鋼,281,162,179,1468,1957,2447,3425,3873
905,眷戀雲,靈獸,妖精|飛行,電|岩石|毒|冰|鋼,281,162,179,1468,1957,2447,3425,3873
906,新葉喵,一般,草,火|蟲|飛行|毒|冰,116,99,120,435,579,725,1015,1147
907,蒂蕾喵,一般,草,火|蟲|飛行|毒|冰,157,128,156,720,959,1199,1679,1899
908,魔幻假面喵,一般,草|惡,火|蟲|飛行|毒|冰|格鬥|妖精,233,153,183,1210,1614,2017,2825,3193
909,呆火鱷,一般,火,水|岩石|地面,112,96,167,483,644,805,1127,1274
910,炙燙鱷,一般,火,水|岩石|地面,162,134,191,830,1106,1383,1936,2189
911,骨紋巨聲鱷,一般,火|幽靈,水|岩石|地面|幽靈|惡,207,178,232,1297,1729,2162,3027,3422
912,潤水鴨,一般,水,草|電,120,86,146,460,614,768,1075,1215
913,湧躍鴨,一般,水,草|電,162,123,172,761,1014,1268,1775,2007
914,狂歡浪舞鴨,一般,水|格鬥,草|電|飛行|超能力|妖精,236,159,198,1293,1724,2155,3018,3411
915,愛吃豚,一般,一般,格鬥,81,79,144,314,418,523,733,828
916,飄香豚,一般,一般,格鬥,186,153,242,1118,1490,1863,2608,2949
916,飄香豚,雌性,一般,格鬥,186,153,242,1118,1490,1863,2608,2949
917,團珠蛛,一般,蟲,火|飛行|岩石,70,77,111,244,326,408,571,646
918,操陷蛛,一般,蟲,火|飛行|岩石,139,166,155,723,964,1205,1687,1907
919,豆蟋蟀,一般,蟲,火|飛行|岩石,81,65,107,253,338,423,592,669
920,烈腿蝗,一般,蟲|惡,火|蟲|飛行|岩石|妖精,199,144,174,993,1323,1655,2317,2619
921,布撥,一般,電,地面,95,45,128,272,363,454,636,719
922,布土撥,一般,電|格鬥,地面|超能力|妖精,147,82,155,556,742,928,1299,1468
923,巴布土撥,一般,電|格鬥,地面|超能力|妖精,232,141,172,1129,1505,1882,2634,2978
924,一對鼠,一般,一般,格鬥,98,90,137,382,509,636,891,1008
925,一家鼠,一般,一般,格鬥,159,157,179,850,1134,1418,1985,2244
925,一家鼠,四隻家庭,一般,格鬥,159,157,179,850,1134,1418,1985,2244
926,狗仔包,一般,妖精,毒|鋼,102,126,114,422,563,703,985,1114
927,麻花犬,一般,妖精,毒|鋼,159,212,149,898,1198,1497,2096,2370
928,迷你芙,一般,草|一般,火|蟲|飛行|毒|冰|格鬥,100,89,121,366,488,610,854,965
929,奧利紐,一般,草|一般,火|蟲|飛行|毒|冰|格鬥,137,131,141,614,818,1023,1432,1619
930,奧利瓦,一般,草|一般,火|蟲|飛行|毒|冰|格鬥,219,189,186,1268,1691,2113,2959,3345
931,怒鸚哥,一般,一般|飛行,電|岩石|冰,185,105,193,845,1127,1409,1973,2231
931,怒鸚哥,白羽毛,一般|飛行,電|岩石|冰,185,105,193,845,1127,1409,1973,2231
931,怒鸚哥,藍羽毛,一般|飛行,電|岩石|冰,185,105,193,845,1127,1409,1973,2231
931,怒鸚哥,黃羽毛,一般|飛行,電|岩石|冰,185,105,193,845,1127,1409,1973,2231
932,鹽石寶,一般,岩石,草|水|地面|格鬥|鋼,95,108,146,414,552,690,966,1093
933,鹽石壘,一般,岩石,草|水|地面|格鬥|鋼,105,160,155,554,738,923,1292,1461
934,鹽石巨靈,一般,岩石,草|水|地面|格鬥|鋼,171,212,225,1162,1549,1936,2711,3065
935,炭小侍,一般,火,水|岩石|地面,92,74,120,313,418,523,732,828
936,紅蓮鎧騎,一般,火|超能力,水|岩石|地面|幽靈|惡,234,185,198,1375,1834,2292,3209,3628
937,蒼炎刃鬼,一般,火|幽靈,水|岩石|地面|幽靈|惡,239,189,181,1359,1812,2265,3172,3586
938,光蚪仔,一般,電,地面,104,73,156,390,520,651,911,1030
939,電肚蛙,一般,電,地面,184,165,240,1141,1521,1902,2662,3010
940,電海燕,一般,電|飛行,岩石|冰,105,75,120,354,472,590,826,933
941,大電海燕,一般,電|飛行,岩石|冰,221,132,172,1047,1396,1745,2443,2762
942,偶叫獒,一般,惡,蟲|格鬥|妖精,140,108,155,600,799,999,1399,1582
943,獒教父,一般,惡,蟲|格鬥|妖精,230,168,190,1270,1693,2117,2963,3350
944,滋汁鼴,一般,毒|一般,地面|超能力,124,70,120,398,531,664,929,1051
945,塗標客,一般,毒|一般,地面|超能力,199,149,160,970,1293,1617,2264,2559
946,納噬草,一般,草|幽靈,火|飛行|冰|幽靈|惡,121,64,120,375,501,626,877,991
947,怖納噬草,一般,草|幽靈,火|飛行|冰|幽靈|惡,228,144,146,1040,1387,1734,2428,2745
948,原野水母,一般,地面|草,火|蟲|飛行|冰,97,149,120,446,594,743,1040,1176
949,陸地水母,一般,地面|草,火|蟲|飛行|冰,166,209,190,1038,1384,1730,2422,2738
950,毛崖蟹,一般,岩石,草|水|地面|格鬥|鋼,184,185,172,1030,1373,1716,2403,2717
951,熱辣娃,一般,草,火|蟲|飛行|毒|冰,118,76,137,418,558,697,976,1104
952,狠辣椒,一般,草|火,飛行|岩石|毒,216,130,163,993,1324,1655,2317,2620
953,蟲滾泥,一般,蟲,火|飛行|岩石,86,108,121,349,466,582,815,922
954,蟲甲聖,一般,蟲|超能力,火|蟲|飛行|岩石|幽靈|惡,201,178,181,1124,1499,1874,2623,2966
955,飄飄雛,一般,超能力,蟲|幽靈|惡,105,60,102,300,401,501,702,793
956,超能豔鴕,一般,超能力,蟲|幽靈|惡,204,127,216,1061,1415,1769,2477,2800
957,小鍛匠,一般,妖精|鋼,火|地面,85,110,137,368,491,614,860,973
958,巧鍛匠,一般,妖精|鋼,火|地面,109,145,163,560,746,933,1307,1477
959,巨鍛匠,一般,妖精|鋼,火|地面,155,196,198,964,1286,1607,2250,2544
960,海地鼠,一般,水,草|電,109,52,67,246,328,410,574,648
961,三海地鼠,一般,水,草|電,205,136,111,812,1082,1353,1895,2142
962,下石鳥,一般,飛行|惡,電|岩石|冰|妖精,198,172,172,1066,1421,1777,2487,2812
963,波普海豚,一般,水,草|電,90,80,172,374,499,624,874,988
964,海豚俠,一般,水,草|電,143,144,225,826,1101,1376,1927,2179
964,海豚俠,全能,水,草|電,143,144,225,826,1101,1376,1927,2179
965,噗隆隆,一般,鋼|毒,火|地面,123,107,128,487,650,813,1138,1287
966,普隆隆姆,一般,鋼|毒,火|地面,229,168,190,1265,1686,2108,2951,3337
967,摩托蜥,一般,龍|一般,冰|格鬥|龍|妖精,205,142,172,1009,1345,1681,2354,2661
968,拖拖蚓,一般,鋼,火|地面|格鬥,161,219,172,985,1313,1642,2299,2599
969,晶光芽,一般,岩石|毒,水|地面|超能力|鋼,187,104,134,720,959,1200,1679,1899
970,晶光花,一般,岩石|毒,水|地面|超能力|鋼,246,177,195,1402,1870,2338,3273,3700
971,墓仔狗,一般,幽靈,幽靈|惡,105,106,137,435,580,726,1016,1149
972,墓揚犬,一般,幽靈,幽靈|惡,186,195,176,1077,1436,1795,2514,2842
973,纏紅鶴,一般,飛行|格鬥,電|飛行|冰|超能力|妖精,227,145,193,1181,1575,1969,2757,3117
974,走鯨,一般,冰,火|岩石|格鬥|鋼,119,80,239,557,742,928,1300,1469
975,浩大鯨,一般,冰,火|岩石|格鬥|鋼,208,123,347,1334,1778,2223,3113,3519
976,輕身鱈,一般,水|超能力,草|電|蟲|幽靈|惡,196,139,207,1044,1392,1740,2436,2754
977,吃吼霸,一般,水,草|電,176,178,312,1284,1712,2140,2996,3388
978,米立龍,一般,龍|水,龍|妖精,226,166,169,1177,1569,1962,2746,3105
978,米立龍,下垂姿勢,龍|水,龍|妖精,226,166,169,1177,1569,1962,2746,3105
978,米立龍,平挺姿勢,龍|水,龍|妖精,226,166,169,1177,1569,1962,2746,3105
979,棄世猴,一般,格鬥|幽靈,飛行|超能力|幽靈|妖精,220,178,242,1401,1867,2334,3268,3695
980,土王,一般,毒|地面,水|地面|冰|超能力,127,151,277,836,1115,1394,1952,2207
981,奇麒麟,一般,一般|超能力,蟲|惡,209,136,260,1221,1629,2036,2850,3223
982,土龍節節,一般,一般,格鬥,188,150,268,1174,1565,1957,2739,3097
982,土龍節節,三節,一般,格鬥,188,150,268,1174,1565,1957,2739,3097
983,仆斬將軍,一般,惡|鋼,火|地面|格鬥,238,203,225,1549,2065,2581,3614,4086
984,雄偉牙,一般,地面|格鬥,草|水|飛行|冰|超能力|妖精,249,209,251,1725,2299,2874,4024,4550
985,吼叫尾,一般,妖精|超能力,毒|幽靈|鋼,139,234,251,1060,1414,1768,2475,2798
986,猛惡菇,一般,草|惡,火|蟲|飛行|毒|冰|格鬥|妖精,232,190,244,1523,2031,2539,3554,4018
987,振翼髮,一般,幽靈|妖精,幽靈|鋼,280,235,146,1584,2112,2640,3696,4179
988,爬地翅,一般,蟲|格鬥,火|飛行|超能力|妖精,261,193,198,1555,2073,2591,3628,4102
989,沙鐵皮,一般,電|地面,草|水|地面|冰,244,195,198,1466,1954,2443,3421,3867
990,鐵轍跡,一般,地面|鋼,火|水|地面|格鬥,227,216,207,1467,1955,2444,3422,3869
991,鐵包袱,一般,冰|水,草|電|岩石|格鬥,266,211,148,1443,1924,2406,3368,3808
992,鐵臂膀,一般,格鬥|電,地面|超能力|妖精,245,177,319,1762,2349,2937,4112,4649
993,鐵脖頸,一般,惡|飛行,電|岩石|冰|妖精,249,179,214,1489,1985,2482,3475,3929
994,鐵毒蛾,一般,火|毒,水|岩石|地面|超能力,281,196,190,1647,2197,2746,3844,4346
995,鐵荊棘,一般,岩石|電,草|水|地面|格鬥,250,200,225,1611,2148,2685,3759,4250
996,涼脊龍,一般,龍|冰,岩石|格鬥|龍|鋼|妖精,134,86,163,534,712,891,1247,1410
997,凍脊龍,一般,龍|冰,岩石|格鬥|龍|鋼|妖精,173,128,207,896,1195,1494,2092,2365
998,戟脊龍,一般,龍|冰,岩石|格鬥|龍|鋼|妖精,254,168,229,1521,2028,2535,3550,4013
999,索財靈,一般,幽靈,幽靈|惡,140,76,128,473,631,788,1104,1248
999,索財靈,徒步,幽靈,幽靈|惡,140,76,128,473,631,788,1104,1248
1000,賽富豪,一般,鋼|幽靈,火|地面|幽靈|惡,252,190,202,1507,2009,2512,3517,3976
1001,古簡蝸,一般,惡|草,火|蟲|飛行|毒|冰|格鬥|妖精,186,242,198,1258,1678,2098,2937,3320
1002,古劍豹,一般,惡|冰,火|蟲|岩石|格鬥|鋼|妖精,261,167,190,1427,1902,2378,3329,3764
1003,古鼎鹿,一般,惡|地面,草|水|蟲|冰|格鬥|妖精,194,203,321,1514,2018,2523,3532,3994
1004,古玉魚,一般,惡|火,水|岩石|地面|格鬥,269,221,146,1481,1975,2469,3457,3908
1005,轟鳴月,一般,龍|惡,蟲|冰|格鬥|龍|妖精,280,196,233,1806,2408,3010,4214,4764
1006,鐵武者,一般,妖精|格鬥,飛行|毒|超能力|鋼|妖精,279,171,179,1495,1993,2491,3488,3943
1007,故勒頓,一般,格鬥|龍,飛行|冰|超能力|龍|妖精,263,223,205,1702,2270,2837,3973,4491
1008,密勒頓,一般,電|龍,地面|冰|龍|妖精,263,223,205,1702,2270,2837,3973,4491
1009,波盪水,一般,水|龍,龍|妖精,233,171,203,1336,1782,2227,3119,3526
1010,鐵斑葉,一般,草|超能力,火|蟲|飛行|毒|冰|幽靈|惡,236,194,189,1387,1849,2312,3237,3659
1011,裹蜜蟲,一般,草|龍,蟲|飛行|毒|冰|龍|妖精,173,184,190,1016,1355,1694,2371,2681
1012,斯魔茶,一般,草|幽靈,火|飛行|冰|幽靈|惡,134,96,120,488,650,813,1139,1287
1012,斯魔茶,高檔貨,草|幽靈,火|飛行|冰|幽靈|惡,134,96,120,488,650,813,1139,1287
1013,來悲粗茶,一般,草|幽靈,火|飛行|冰|幽靈|惡,225,191,174,1267,1690,2112,2957,3343
1013,來悲粗茶,傑作,草|幽靈,火|飛行|冰|幽靈|惡,225,191,174,1267,1690,2112,2957,3343
1014,夠讚狗,一般,毒|格鬥,飛行|地面|超能力,220,191,186,1280,1706,2133,2986,3376
1015,願增猿,一般,毒|超能力,地面|幽靈|惡,238,157,186,1259,1678,2098,2938,3321
1016,吉雉雞,一般,毒|妖精,地面|超能力|鋼,169,208,186,1042,1390,1737,2433,2750
1017,厄鬼椪,一般,草,火|蟲|飛行|毒|冰,219,178,173,1193,1590,1988,2783,3147
1017,厄鬼椪,水井面具,草|水,蟲|飛行|毒,219,178,173,1193,1590,1988,2783,3147
1017,厄鬼椪,火灶面具,草|火,飛行|岩石|毒,219,178,173,1193,1590,1988,2783,3147
1017,厄鬼椪,礎石面具,草|岩石,蟲|冰|格鬥|鋼,219,178,173,1193,1590,1988,2783,3147
1018,鋁鋼橋龍,一般,鋼|龍,地面|格鬥,250,215,207,1602,2137,2671,3739,4228
1019,蜜集大蛇,一般,草|龍,蟲|飛行|毒|冰|龍|妖精,216,186,235,1386,1848,2310,3234,3656
1020,破空焰,一般,火|龍,岩石|地面|龍,205,208,213,1327,1770,2213,3098,3502
1021,猛雷鼓,一般,電|龍,地面|冰|龍|妖精,235,165,245,1447,1930,2412,3377,3818
1022,鐵磐岩,一般,岩石|超能力,草|水|蟲|地面|幽靈|惡|鋼,227,195,189,1340,1787,2234,3128,3536
1023,鐵頭殼,一般,鋼|超能力,火|地面|幽靈|惡,221,200,189,1323,1763,2205,3086,3489
1024,太樂巴戈斯,一般,一般,格鬥,126,165,207,754,1005,1257,1760,1990
1024,太樂巴戈斯,太晶,一般,格鬥,126,165,207,754,1005,1257,1760,1990
1024,太樂巴戈斯,星晶,一般,格鬥,126,165,207,754,1005,1257,1760,1990
1025,桃歹郎,一般,毒|幽靈,地面|超能力|幽靈|惡,164,248,186,1101,1468,1836,2570,2906
