評分,圖鑑編號,寶可夢,第一屬性,第二屬性,地區,型態別,暗影,Mega進化,其他形態,性別,尺寸,天氣,CP,攻擊力,防禦力,HP,等級,一般招式,特殊招式1,特殊招式2,幾下可用特招1,幾下可用特招2,夥伴行走距離,開第二招星塵花費,Stat Product
98,376,巨金怪,鋼,超能力,-,-,暗影,-,-,-,-,-,4286,228.6,204.2,172,50,暗影爪*,彗星拳*,地震,6,9,5,75000,8027353
97.7,376,巨金怪,鋼,超能力,-,-,-,-,-,-,-,-,4286,228.6,204.2,172,50,暗影爪*,彗星拳*,地震,6,9,5,75000,8027353
94.9,671,花潔夫人,妖精,,-,-,-,-,-,-,-,-,3657,190.7,217.6,168,50,妖精之風,潑冷水*,月亮之力,5,7,3,50000,6974349
94.8,730,西獅海壬,水,妖精,-,-,-,-,-,-,-,-,3618,207.6,176.5,172,50,攀瀑,魅惑之聲,加農水砲*,5,4,3,10000,6299607
94,468,波克基斯,妖精,飛行,-,-,-,-,-,-,-,-,3767,201.7,194.9,178,50,啄,魔法閃耀,波導彈*,7,5,3,50000,6998226
92.5,1000,賽富豪,鋼,幽靈,-,-,-,-,-,-,-,-,3976,224.4,172.3,182,50,禍不單行,暗影球,真氣彈,4,6,5,10000,7034047
92.3,130,暴鯉龍,水,飛行,-,-,-,-,-,-,-,-,3834,211.8,168.9,194,50,龍息,水流尾*,咬碎,9,12,1,10000,6938524
90.8,706,黏美龍,龍,,-,-,-,-,-,-,-,-,3963,197.5,216,186,50,龍息,水流尾,雷電拳*,9,10,5,75000,7932000
90.7,130,暴鯉龍,水,飛行,-,-,暗影,-,-,-,-,-,3834,211.8,168.9,194,50,龍息,水流尾*,咬碎,9,12,1,10000,6938524
90,149,快龍,龍,飛行,-,-,-,-,-,-,-,-,4287,233.6,179,188,50,龍息,雷電拳,蠻力,10,10,5,75000,7860515
89.9,700,仙子伊布,妖精,,-,-,-,-,-,-,-,-,3470,183.2,184.9,194,50,妖精之風,月亮之力,暗影球,7,6,5,75000,6569762
88.7,977,吃吼霸,水,,-,-,-,-,-,-,-,-,3388,160.5,162.2,274,50,攀瀑,衝浪,逆鱗,5,6,5,75000,7131978
88.2,768,具甲武者,蟲,水,-,-,-,-,-,-,-,-,3575,195.8,202.5,164,50,連斬,水流噴射,十字剪,10,10,1,10000,6502578
87.9,149,快龍,龍,飛行,-,-,暗影,-,-,-,-,-,4287,233.6,179,188,50,龍息,雷電拳,蠻力,10,10,5,75000,7860515
87.4,160,大力鱷,水,,-,-,-,-,-,-,-,-,3230,184.9,170.6,178,50,暗影爪,加農水砲*,冰凍光束,5,7,3,10000,5613161
87.4,445,烈咬陸鯊,龍,地面,-,-,-,-,-,-,-,-,4479,231.9,174.8,213,50,泥巴射擊,龍捲風,流沙地獄,5,5,5,75000,8634174
87,983,仆斬將軍,惡,鋼,-,-,-,-,-,-,-,-,4086,212.6,183.2,201,50,金屬音,欺詐,鐵頭,5,7,5,75000,7827838
86.4,350,美納斯,水,,-,-,暗影,-,-,-,-,-,3398,173.9,196.6,194,50,攀瀑,水流尾,緊束,4,5,5,75000,6635241
85.8,635,三首惡龍,惡,龍,-,-,暗影,-,-,-,-,-,4098,227.7,170.6,189,50,龍息,狂舞揮打*,飛翔,9,12,5,75000,7341687
85.3,445,烈咬陸鯊,龍,地面,-,-,暗影,-,-,-,-,-,4479,231.9,174.8,213,50,泥巴射擊,龍捲風,流沙地獄,5,5,5,75000,8634174
84.9,395,帝王拿波,水,鋼,-,-,暗影,-,-,-,-,-,3279,189.1,168.9,178,50,金屬音,加農水砲*,啄鑽,5,5,3,10000,5684174
84.4,373,暴飛龍,龍,飛行,-,-,暗影,-,-,-,-,-,4239,245.4,153.8,194,50,龍尾,狂舞揮打,飛翔,3,4,5,75000,7319888
84.3,975,浩大鯨,冰,,-,-,-,-,-,-,-,-,3519,187.4,116,304,50,細雪,雪崩,蠻力,6,5,3,50000,6605813
84.1,160,大力鱷,水,,-,-,暗影,-,-,-,-,-,3230,184.9,170.6,178,50,暗影爪,加農水砲*,冰凍光束,5,7,3,10000,5613161
84,979,棄世猴,格鬥,幽靈,-,-,-,-,-,-,-,-,3695,197.5,162.2,215,50,踢倒,憤怒之拳*,近身戰,5,6,3,50000,6885451
83.9,365,帝牙海獅,冰,水,-,-,-,-,-,-,-,-,3081,165.5,160.5,215,50,細雪*,冰錐*,地震,5,9,3,50000,5712245
83.7,635,三首惡龍,惡,龍,-,-,-,-,-,-,-,-,4098,227.7,170.6,189,50,龍息,狂舞揮打*,飛翔,9,12,5,75000,7341687
83.4,373,暴飛龍,龍,飛行,-,-,-,-,-,-,-,-,4239,245.4,153.8,194,50,龍尾,狂舞揮打,飛翔,3,4,5,75000,7319888
83,131,拉普拉斯,水,冰,-,-,暗影,-,-,-,-,-,2985,151.3,158.8,245,50,精神波,泡影詠歎調,冰凍光束*,12,14,5,75000,5885307
82.8,395,帝王拿波,水,鋼,-,-,-,-,-,-,-,-,3279,189.1,168.9,178,50,金屬音,加農水砲*,啄鑽,5,5,3,10000,5684174
82.8,464,超甲狂犀,地面,岩石,-,-,-,-,-,-,-,-,4221,215.1,172.3,223,50,擲泥,直衝鑽,岩石炮*,4,5,3,50000,8263565
82.3,979,棄世猴,格鬥,幽靈,-,-,暗影,-,-,-,-,-,3695,197.5,162.2,215,50,雙倍奉還,憤怒之拳*,冰凍拳,6,7,3,50000,6885451
82.2,143,卡比獸,一般,,-,-,暗影,-,-,-,-,-,3647,172.3,154.6,289,50,舌舔,泰山壓頂,蠻力,12,14,5,75000,7697298
82.2,901,月月熊,地面,一般,-,-,暗影,-,-,-,-,-,4358,216.8,164.7,245,50,撞擊,高速星星,十萬馬力*,12,20,3,50000,8748037
82.2,3,妙蛙花,草,毒,-,-,-,-,-,-,-,-,3075,179,171.4,172,50,藤鞭,瘋狂植物*,污泥攻擊,6,5,3,10000,5277242
82,713,冰岩怪,冰,,-,-,-,-,-,-,-,-,3615,177.3,214.3,194,50,冰凍牙,雪崩,泰山壓頂,8,6,3,50000,7370435
82,131,拉普拉斯,水,冰,-,-,-,-,-,-,-,-,2985,151.3,158.8,245,50,精神波,泡影詠歎調,冰凍光束*,12,14,5,75000,5885307
81.9,260,巨沼怪,水,地面,-,-,-,-,-,-,-,-,3362,187.4,159.7,201,50,泥巴射擊,加農水砲*,地震,5,8,3,10000,6013444
81.5,407,羅絲雷朵,草,毒,-,-,-,-,-,-,-,-,3359,216.8,168.1,142,50,毒針,氣象球 火*,飛葉風暴,4,7,3,50000,5173766
80.4,998,戟脊龍,龍,冰,-,-,-,-,-,-,-,-,4013,226,153.8,205,50,龍息,雪崩,龍爪,12,13,5,75000,7125675
80.4,365,帝牙海獅,冰,水,-,-,暗影,-,-,-,-,-,3081,165.5,160.5,215,50,細雪*,冰錐*,地震,5,9,3,50000,5712245
80.2,473,象牙豬,冰,地面,-,-,暗影,-,-,-,-,-,3763,220.2,135.3,215,50,細雪,冰錐,十萬馬力,5,8,3,50000,6403750
80.1,713,冰岩怪,冰,岩石,洗翠,-,-,-,-,-,-,-,3909,192.4,212.6,194,50,細雪,岩崩,冰凍之風,6,6,3,50000,7936454
79.8,901,月月熊,地面,一般,-,-,-,-,-,-,-,-,4358,216.8,164.7,245,50,撞擊,高速星星,十萬馬力*,12,20,3,50000,8748037
79.7,462,自爆磁怪,電,鋼,-,-,暗影,-,-,-,-,-,3623,212.6,184.9,157,50,伏特替換,瘋狂伏特,鏡光射擊,3,3,3,50000,6170376
79.6,134,水伊布,水,,-,-,-,-,-,-,-,-,3521,184.9,147.9,245,50,水槍,水流尾,珍藏*,12,19,5,75000,6698386
79.5,248,班基拉斯,岩石,惡,-,-,-,-,-,-,-,-,4335,223.5,186.5,201,50,龍息,狂舞揮打,尖石攻擊,9,14,5,75000,8381069
79.4,462,自爆磁怪,電,鋼,-,-,-,-,-,-,-,-,3623,212.6,184.9,157,50,伏特替換,瘋狂伏特,鏡光射擊,3,3,3,50000,6170376
79.4,389,土台龜,草,地面,-,-,-,-,-,-,-,-,3318,182.3,170.6,194,50,擲泥,瘋狂植物*,尖石攻擊,5,6,3,10000,6034291
79.3,473,象牙豬,冰,地面,-,-,-,-,-,-,-,-,3763,220.2,135.3,215,50,細雪,冰錐,十萬馬力,5,8,3,50000,6403750
79.3,260,巨沼怪,水,地面,-,-,暗影,-,-,-,-,-,3362,187.4,159.7,201,50,泥巴射擊,加農水砲*,地震,5,8,3,10000,6013444
79.1,212,巨鉗螳螂,蟲,鋼,-,-,暗影,-,-,-,-,-,3393,210.9,164.7,157,50,子彈拳,暗襲要害,起草,5,7,5,75000,5453787
78.9,450,河馬獸,地面,,-,-,暗影,-,-,-,-,-,3488,181.5,173.1,213,50,潑沙,氣象球 岩石,大地之力,9,13,3,50000,6692206
78.8,465,巨蔓藤,草,,-,-,-,-,-,-,-,-,3425,186.5,167.2,201,50,藤鞭,強力鞭打,岩崩,7,6,3,50000,6270048
78.6,212,巨鉗螳螂,蟲,鋼,-,-,-,-,-,-,-,-,3393,210.9,164.7,157,50,子彈拳,暗襲要害,起草,5,7,5,75000,5453787
78.2,466,電擊魔獸,電,,-,-,-,-,-,-,-,-,3481,221.8,149.6,164,50,電擊,瘋狂伏特,冰凍拳,5,5,5,75000,5441724
78.2,812,轟擂金剛猩,草,,-,-,-,-,-,-,-,-,3758,213.4,153.8,201,50,飛葉快刀,鼓擊,大地之力,9,13,3,10000,6597048
78.2,911,骨紋巨聲鱷,火,幽靈,-,-,-,-,-,-,-,-,3422,186.5,162.2,207,50,燒盡,暗影球,閃焰高歌,3,3,3,10000,6262524
77.9,450,河馬獸,地面,,-,-,-,-,-,-,-,-,3488,181.5,173.1,213,50,潑沙,氣象球 岩石,大地之力,9,13,3,50000,6692206
77.9,784,杖尾鱗甲龍,龍,格鬥,-,-,-,-,-,-,-,-,3741,199.2,214.3,164,50,龍尾,快手還擊,鱗片噪音*,4,4,5,75000,6998438
77.9,248,班基拉斯,岩石,惡,-,-,暗影,-,-,-,-,-,4335,223.5,186.5,201,50,龍息,狂舞揮打,尖石攻擊,9,14,5,75000,8381069
77.6,3,妙蛙花,草,毒,-,-,暗影,-,-,-,-,-,3075,179,171.4,172,50,藤鞭,瘋狂植物*,污泥攻擊,6,5,3,10000,5277242
77.5,673,坐騎山羊,草,,-,-,-,-,-,-,-,-,3163,177.3,135.3,235,50,藤鞭,葉刃,劈瓦,5,5,3,50000,5636960
77.5,143,卡比獸,一般,,-,-,-,-,-,-,-,-,3647,172.3,154.6,289,50,舌舔,泰山壓頂,蠻力,12,14,5,75000,7697298
77.4,534,修建老匠,格鬥,,-,-,暗影,-,-,-,-,-,3773,216.8,145.4,208,50,發勁,爆裂拳,狂舞揮打*,5,4,5,75000,6555380
77.2,466,電擊魔獸,電,,-,-,暗影,-,-,-,-,-,3481,221.8,149.6,164,50,電擊,瘋狂伏特,冰凍拳,5,5,5,75000,5441724
76.5,350,美納斯,水,,-,-,-,-,-,-,-,-,3398,173.9,196.6,194,50,龍尾,衝浪,暴風雪,4,7,5,75000,6635241
76.5,503,大劍鬼,水,,-,-,-,-,-,-,-,-,3194,190.7,144.5,194,50,連斬,加農水砲*,超級角擊,10,14,3,10000,5348411
76.3,652,布里卡隆,草,格鬥,-,-,-,-,-,-,-,-,3340,181.5,184,184,50,藤鞭,瘋狂植物*,蠻力,6,5,3,10000,6145885
76.3,475,艾路雷朵,超能力,格鬥,-,-,暗影,-,-,-,-,-,3497,211.8,176.5,154,50,念力,近身戰,葉刃,4,3,5,75000,5754523
76.2,781,破破舵輪,幽靈,草,-,-,-,-,-,-,-,-,3335,208.4,163,157,50,暗影爪,暗影球,強力鞭打,7,7,5,50000,5333617
76,936,紅蓮鎧騎,火,超能力,-,-,-,-,-,-,-,-,3628,209.2,168.1,178,50,燒盡,精神衝擊,蓄能焰襲,2,3,5,50000,6259189
75.8,1013,來悲粗茶,草,幽靈,-,-,-,-,-,-,-,-,3343,201.7,173.1,158,50,驚嚇,暗影球,能量球,5,5,3,50000,5515747
75.7,887,多龍巴魯托,龍,幽靈,-,-,-,-,-,-,-,-,3993,236.1,155.5,184,50,驚嚇,暗影球,逆鱗,5,6,5,75000,6754055
75.6,181,電龍,電,,-,-,-,-,-,-,-,-,3225,189.9,154.6,186,50,伏特替換,狂舞揮打,雷電拳,3,3,5,75000,5461450
75.6,711,南瓜怪人,幽靈,草,-,-,-,-,-,-,特大尺寸,-,2976,165.5,180.7,178,50,燒盡,暗影球,種子炸彈,3,2,5,75000,5323453
74.9,534,修建老匠,格鬥,,-,-,-,-,-,-,-,-,3773,216.8,145.4,208,50,發勁,狂舞揮打*,爆裂拳,4,5,5,75000,6555380
74.8,652,布里卡隆,草,格鬥,-,-,暗影,-,-,-,-,-,3340,181.5,184,184,50,藤鞭,瘋狂植物*,蠻力,6,5,3,10000,6145885
74.8,724,狙射樹梟,草,幽靈,-,-,-,-,-,-,-,-,3137,189.1,163,168,50,驚嚇,瘋狂植物*,縫影,5,4,3,10000,5178003
74.2,526,龐岩怪,岩石,,-,-,-,-,-,-,-,-,3650,202.5,181.5,178,50,鎖定,蠻力,流星光束*,8,12,3,50000,6542738
74.1,699,冰雪巨龍,岩石,冰,-,-,暗影,-,-,-,-,-,3168,168.9,149.6,235,50,細雪,氣象球 冰,流星光束,5,8,5,75000,5936803
73.9,1019,蜜集大蛇,草,龍,-,-,-,-,-,-,-,-,3656,194.1,168.9,210,50,龍尾,種子炸彈,逆鱗,4,5,5,75000,6884875
73.8,738,鍬農炮蟲,蟲,電,-,-,暗影,-,-,-,-,-,3524,226,145.4,167,50,伏特替換*,放電,十字剪,3,3,1,10000,5487615
73.6,937,蒼炎刃鬼,火,幽靈,-,-,-,-,-,-,-,-,3586,213.4,171.4,164,50,燒盡,暗影球,蓄能焰襲,3,3,5,50000,6000349
73.4,465,巨蔓藤,草,,-,-,暗影,-,-,-,-,-,3425,186.5,167.2,201,50,藤鞭,強力鞭打,岩崩,7,6,3,50000,6270048
73,530,龍頭地鼠,地面,鋼,-,-,-,-,-,-,-,-,3667,226.9,121,215,50,擲泥,直衝鑽,岩崩,4,5,3,50000,5902466
72.9,68,怪力,格鬥,,-,-,暗影,-,-,-,-,-,3455,209.2,146.2,186,50,空手劈*,十字劈,尖石攻擊*,4,7,3,50000,5690236
72.6,464,超甲狂犀,地面,岩石,-,-,暗影,-,-,-,-,-,4221,215.1,172.3,223,50,擲泥,直衝鑽,岩石炮*,4,5,3,50000,8263565
72.5,612,雙斧戰龍,龍,,-,-,暗影,-,-,-,-,-,4062,251.2,157.1,166,50,龍尾,暗襲要害,衝浪,3,4,5,75000,6553746
72.5,904,萬針魚,惡,毒,-,-,-,-,-,-,-,-,3330,199.2,156.3,178,50,毒擊,水流尾,暗影球,5,8,5,75000,5540514
72,724,狙射樹梟,草,格鬥,洗翠,-,-,-,-,-,-,-,3275,191.6,158.8,184,50,精神利刃,波導彈,起草,5,5,3,10000,5598649
71.8,738,鍬農炮蟲,蟲,電,-,-,-,-,-,-,-,-,3524,226,145.4,167,50,伏特替換*,十字剪,飛翔,3,3,1,10000,5487615
71.4,711,南瓜怪人,幽靈,草,-,-,-,-,-,-,大尺寸,-,2850,163,185.7,164,50,燒盡,暗影球,種子炸彈,3,2,5,75000,4964855
70.9,614,凍原熊,冰,,-,-,-,-,-,-,-,-,3439,208.4,140.3,194,50,細雪,冰凍拳,衝浪,5,6,3,50000,5673338
70.8,181,電龍,電,,-,-,暗影,-,-,-,-,-,3225,189.9,154.6,186,50,伏特替換,狂舞揮打,雷電拳,3,3,5,75000,5461450
70.5,530,龍頭地鼠,地面,鋼,-,-,暗影,-,-,-,-,-,3667,226.9,121,215,50,擲泥,直衝鑽,岩崩,4,5,3,50000,5902466
70.3,475,艾路雷朵,超能力,格鬥,-,-,-,-,-,-,-,-,3497,211.8,176.5,154,50,念力,近身戰,葉刃,4,3,5,75000,5754523
70.1,389,土台龜,草,地面,-,-,暗影,-,-,-,-,-,3318,182.3,170.6,194,50,擲泥,瘋狂植物*,流沙地獄,5,4,3,10000,6034291
70,982,土龍節節,一般,,-,-,-,-,-,-,-,-,3097,170.6,138.6,237,50,滾動,泰山壓頂,直衝鑽,3,4,3,50000,5605277
69.9,68,怪力,格鬥,,-,-,-,-,-,-,-,-,3455,209.2,146.2,186,50,空手劈*,十字劈,尖石攻擊*,4,7,3,50000,5690236
69.7,526,龐岩怪,岩石,,-,-,暗影,-,-,-,-,-,3650,202.5,181.5,178,50,鎖定,流星光束*,岩崩,12,9,3,50000,6542738
69.2,760,穿著熊,一般,格鬥,-,-,暗影,-,-,-,-,-,3524,202.5,131.1,231,50,暗影爪,蠻力,踩踏,5,5,1,10000,6132286
69,503,大劍鬼,水,,-,-,暗影,-,-,-,-,-,3194,190.7,144.5,194,50,連斬,加農水砲*,貝殼刃,10,9,3,10000,5348411
68.8,89,臭臭泥,毒,,-,-,暗影,-,-,-,-,-,3117,172.3,157.1,208,50,毒擊,惡之波動,雷電拳,8,6,3,50000,5630248
68.7,232,頓甲,地面,,-,-,暗影,-,-,-,-,-,3407,192.4,168.1,186,50,擲泥,泰山壓頂,起草,4,5,3,50000,6015160
68.4,861,長毛巨魔,惡,妖精,-,-,-,-,-,-,-,-,3222,203.4,129.4,194,50,突襲,欺詐,嬉鬧,6,9,5,50000,5105127
68.3,157,火爆獸,火,幽靈,洗翠,-,-,-,-,-,-,-,3385,212.6,157.1,161,50,禍不單行,暗影球,火焰拳,4,4,3,10000,5378445
68.2,609,水晶燈火靈,幽靈,火,-,-,-,-,-,-,-,-,3695,240.3,165.5,142,50,燒盡,暗影球,蓄能焰襲,3,3,5,75000,5649231
68.1,699,冰雪巨龍,岩石,冰,-,-,-,-,-,-,-,-,3168,168.9,149.6,235,50,細雪,氣象球 冰,十萬伏特,5,7,5,75000,5936803
68.1,103,椰蛋樹,草,超能力,-,-,-,-,-,-,-,-,3408,208.4,137.8,194,50,念力,種子炸彈,精神強念,3,4,3,50000,5571421
67.9,9,水箭龜,水,,-,-,-,-,-,-,-,-,2788,156.3,186.5,170,50,滾動,加農水砲*,冰凍光束,4,5,3,10000,4956597
67.8,939,電肚蛙,電,,-,-,-,-,-,-,-,-,3010,167.2,151.3,214,50,電擊,放電,電磁炮,5,9,1,50000,5412627
67.8,966,普隆隆姆,鋼,毒,-,-,-,-,-,-,-,-,3337,205,153.8,172,50,毒擊,過熱,陀螺球,8,8,3,50000,5422981
67.7,537,蟾蜍王,水,地面,-,-,-,-,-,-,-,-,2899,170.6,138.6,208,50,泥巴射擊,大地之力,冰凍之風,6,5,3,50000,4919399
67.5,470,葉伊布,草,,-,-,-,-,-,-,-,-,3328,194.1,196.6,149,50,電光一閃,葉刃,珍藏*,5,7,5,75000,5686995
67.5,903,大狃拉,格鬥,毒,-,-,-,-,-,-,-,-,3643,230.2,145.4,172,50,暗影爪,近身戰,燕返,6,6,5,75000,5756969
67.4,157,火爆獸,火,,-,-,-,-,-,-,-,-,3266,200,158,168,50,燒盡,爆炸烈焰*,雷電拳,3,2,3,10000,5307779
67.3,6,噴火龍,火,飛行,-,-,-,-,-,-,-,-,3266,200,158,168,50,龍息*,爆炸烈焰*,空氣利刃,13,9,3,10000,5307779
67.3,89,臭臭泥,毒,惡,阿羅拉,-,-,-,-,-,-,-,3117,172.3,157.1,208,50,毒擊,惡之波動,污泥波,8,10,3,50000,5630248
67.1,930,奧利瓦,草,一般,-,-,-,-,-,-,-,-,3345,196.6,171.4,168,50,魔法葉,大地之力,起草,5,5,3,50000,5662707
67.1,196,太陽伊布,超能力,,-,-,-,-,-,-,-,-,3583,231.9,159.7,149,50,念力,精神之牙,暗影球*,3,4,5,75000,5517187
66.8,6,噴火龍,火,飛行,-,-,暗影,-,-,-,-,-,3266,200,158,168,50,龍息*,爆炸烈焰*,空氣利刃,13,9,3,10000,5307779
66.7,217,圈圈熊,一般,,-,-,-,-,-,-,-,-,3329,210.9,133.6,186,50,暗影爪,近身戰,起草,6,6,3,50000,5241463
66.6,823,鋼鎧鴉,飛行,鋼,-,-,-,-,-,-,-,-,2777,149.6,173.9,198,50,潑沙,空氣利刃*,鐵頭*,9,13,1,10000,5151388
66.5,763,甜冷美后,草,,-,-,-,-,-,-,-,-,3351,199.2,176.5,160,50,魔法葉,三旋擊,打草結,5,5,3,10000,5622848
66.3,232,頓甲,地面,,-,-,-,-,-,-,-,-,3407,192.4,168.1,186,50,擲泥,泰山壓頂,起草,4,5,3,50000,6015160
66.2,903,大狃拉,格鬥,毒,-,-,暗影,-,-,-,-,-,3643,230.2,145.4,172,50,暗影爪,近身戰,燕返,6,6,5,75000,5756969
66,914,狂歡浪舞鴨,水,格鬥,-,-,-,-,-,-,-,-,3411,210.9,146.2,178,50,踢倒,近身戰,水流噴射,6,5,3,10000,5489234
65.9,89,臭臭泥,毒,,-,-,-,-,-,-,-,-,3117,172.3,157.1,208,50,毒擊,惡之波動,雷電拳,8,6,3,50000,5630248
65.8,750,重泥挽馬,地面,,-,-,-,-,-,-,-,-,3443,192.4,158.8,201,50,擲泥,泰山壓頂,地震,4,7,3,50000,6142739
65.8,157,火爆獸,火,,-,-,暗影,-,-,-,-,-,3266,200,158,168,50,燒盡,爆炸烈焰*,雷電拳,3,2,3,10000,5307779
65.6,864,魔靈珊瑚,幽靈,,-,-,-,-,-,-,-,-,3463,225.2,165.5,142,50,驚嚇,黑夜魔影,力量寶石,5,5,3,50000,5293685
65.6,623,泥偶巨人,地面,幽靈,-,-,暗影,-,-,-,-,-,3226,199.2,142,184,50,擲泥,暗影拳,爆裂拳,4,5,5,75000,5203812
65.4,655,妖火紅狐,火,超能力,-,-,暗影,-,-,-,-,-,3459,205.9,171.4,164,50,火焰旋渦,精神衝擊,爆炸烈焰*,4,5,3,10000,5787738
65.3,9,水箭龜,水,,-,-,暗影,-,-,-,-,-,2788,156.3,186.5,170,50,滾動,加農水砲*,冰凍光束,4,5,3,10000,4956597
65.3,73,毒刺水母,水,毒,-,-,-,-,-,-,-,-,2738,152.1,188.2,172,50,毒擊,熱水,暴風雪,8,11,3,50000,4924065
65.1,135,雷伊布,電,,-,-,-,-,-,-,-,-,3265,207.6,165.5,149,50,伏特替換,放電,珍藏*,3,4,5,75000,5119390
65,128,肯泰羅,格鬥,水,-,-,-,-,水瀾,-,-,-,3207,189.1,174.8,164,50,二連踢,水流噴射,起草,4,4,3,50000,5419490
64.9,609,水晶燈火靈,幽靈,火,-,-,暗影,-,-,-,-,-,3695,240.3,165.5,142,50,燒盡,暗影球,蓄能焰襲,3,3,5,75000,5649231
64.9,615,幾何雪花,冰,,-,-,-,-,-,-,-,-,3163,172.3,195.8,172,50,冰礫,三旋擊,暗襲要害,5,4,5,75000,5801055
64.9,282,沙奈朵,超能力,妖精,-,-,-,-,-,-,-,-,3497,211.8,176.5,154,50,撒嬌,三旋擊,暗影球,6,7,5,75000,5754523
64.7,217,圈圈熊,一般,,-,-,暗影,-,-,-,-,-,3329,210.9,133.6,186,50,暗影爪,近身戰,起草,6,6,3,50000,5241463
64.6,89,臭臭泥,毒,惡,阿羅拉,-,暗影,-,-,-,-,-,3117,172.3,157.1,208,50,毒擊,惡之波動,污泥波,8,10,3,50000,5630248
64.3,823,鋼鎧鴉,飛行,鋼,-,-,暗影,-,-,-,-,-,2777,149.6,173.9,198,50,潑沙,空氣利刃*,鐵頭*,9,13,1,10000,5151388
64.2,655,妖火紅狐,火,超能力,-,-,-,-,-,-,-,-,3459,205.9,171.4,164,50,火焰旋渦,爆炸烈焰*,精神衝擊,5,4,3,10000,5787738
63.8,851,焚焰蚣,火,蟲,-,-,-,-,-,-,-,-,3381,197.5,145.4,201,50,火花,熱風,猛撲,5,5,5,75000,5770039
63.8,230,刺龍王,水,龍,-,-,-,-,-,-,-,-,2986,175.6,175.6,164,50,龍息,衝浪,高速星星,12,9,3,50000,5058307
63.7,760,穿著熊,一般,格鬥,-,-,-,-,-,-,-,-,3524,202.5,131.1,231,50,暗影爪,蠻力,以牙還牙,5,8,1,10000,6132286
63.7,589,騎士蝸牛,蟲,鋼,-,-,暗影,-,-,-,-,-,3266,200,169.7,157,50,蟲咬,直衝鑽,超級角擊,14,19,3,50000,5329626
63.5,471,冰伊布,冰,,-,-,-,-,-,-,-,-,3535,212.6,184.9,149,50,冰礫,雪崩,冰凍之風,5,5,5,75000,5855962
63.1,500,炎武王,火,格鬥,-,-,-,-,-,-,-,-,3372,210.1,119.3,215,50,火花,爆炸烈焰*,岩崩,6,5,3,10000,5389340
63.1,472,天蠍王,地面,飛行,-,-,-,-,-,-,-,-,3043,168.1,199.2,164,50,翅膀攻擊,暗襲要害,地震,5,9,5,75000,5488971
62.9,623,泥偶巨人,地面,幽靈,-,-,-,-,-,-,-,-,3226,199.2,142,184,50,擲泥,暗影拳,爆裂拳,4,5,5,75000,5203812
62.9,73,毒刺水母,水,毒,-,-,暗影,-,-,-,-,-,2738,152.1,188.2,172,50,毒擊,熱水,暴風雪,8,11,3,50000,4924065
62.7,815,閃焰王牌,火,,-,-,-,-,-,-,-,-,3412,212.6,149.6,172,50,火焰旋渦,火焰球,爆炸烈焰*,4,5,3,10000,5469375
62.6,467,鴨嘴炎獸,火,,-,-,暗影,-,-,-,-,-,3541,220.2,157.1,164,50,空手劈,火焰拳,十萬伏特*,5,7,5,75000,5673558
62.5,508,長毛狗,一般,,-,-,-,-,-,-,-,-,3196,185.7,165.5,178,50,潑沙,瘋狂伏特,咬碎,12,12,1,10000,5472015
62.3,555,達摩狒狒,火,,-,-,-,-,普通,-,-,-,3511,233.6,108.4,208,50,燒盡,岩崩,過熱,3,3,3,50000,5267040
62.3,844,沙螺蟒,地面,,-,-,-,-,-,-,-,-,3155,182.3,186.5,160,50,擲泥,大地之力,緊束,5,5,3,50000,5442538
62.1,553,流氓鱷,地面,惡,-,-,-,-,-,-,-,-,3444,205,145.4,194,50,擲泥,咬碎,流沙地獄,5,4,5,75000,5782377
62,103,椰蛋樹,草,龍,阿羅拉,-,-,-,-,-,-,-,3407,205.9,141.2,194,50,龍尾,種子炸彈,流星群*,4,6,3,50000,5638270
61.8,230,刺龍王,水,龍,-,-,暗影,-,-,-,-,-,2986,175.6,175.6,164,50,龍息,逆鱗,高速星星,15,9,3,50000,5058307
61.8,127,凱羅斯,蟲,,-,-,暗影,-,-,-,-,-,3345,212.6,165.5,149,50,連斬,近身戰,十字剪,12,10,5,75000,5243747
61.8,855,怖思壺,幽靈,,-,-,-,-,-,-,-,-,3458,221,171.4,142,50,禍不單行,暗影球,惡之波動,4,4,3,50000,5379514
61.7,727,熾焰咆哮虎,火,惡,-,-,-,-,-,-,-,-,3387,192.4,159.7,194,50,火焰牙,狂舞揮打,爆炸烈焰*,6,9,3,10000,5960183
61.5,503,大劍鬼,水,惡,洗翠,-,-,-,-,-,-,-,3167,195.8,140.3,186,50,連斬,冰凍之風,聖劍,12,9,3,10000,5110391
61.1,555,達摩狒狒,冰,,伽勒爾普通,-,-,-,-,-,-,-,3511,233.6,108.4,208,50,冰凍牙,雪崩,蠻力,8,7,3,50000,5267040
61.1,884,鋁鋼龍,鋼,龍,-,-,-,-,-,-,-,-,3468,213.4,168.1,157,50,龍尾,龍爪,加農光炮,5,6,5,75000,5631604
61,865,蔥遊兵,格鬥,,-,-,-,-,-,-,-,-,3375,221,160.5,145,50,雙倍奉還,近身戰,葉刃,8,6,3,50000,5143111
60.9,637,火神蛾,蟲,火,-,-,-,-,-,-,-,-,4106,234.4,171.4,178,50,火焰旋渦,過熱,蟲鳴,6,6,5,75000,7153575
60.8,866,踏冰人偶,冰,超能力,-,-,-,-,-,-,-,-,3196,190.7,163,172,50,冰礫,三旋擊,冰凍拳,5,4,5,75000,5348411
60.4,500,炎武王,火,格鬥,-,-,暗影,-,-,-,-,-,3372,210.1,119.3,215,50,火花,爆炸烈焰*,岩崩,6,5,3,10000,5389340
60,80,呆殼獸,水,超能力,-,-,-,-,-,-,-,-,2877,161.3,163.9,194,50,念力,衝浪*,冰凍光束,4,4,3,50000,5128688
59.8,567,始祖大鳥,岩石,飛行,-,-,暗影,-,-,-,-,-,3766,258,129.4,164,50,翅膀攻擊,原始之力,咬碎,6,6,5,75000,5474843
59.8,689,龜足巨鎧,岩石,水,-,-,-,-,-,-,-,-,3025,175.6,184.9,160,50,連斬,十字劈,尖石攻擊,9,14,3,50000,5194667
59.8,555,達摩狒狒,火,,-,-,暗影,-,普通,-,-,-,3511,233.6,108.4,208,50,燒盡,岩崩,過熱,3,3,3,50000,5267040
59.8,467,鴨嘴炎獸,火,,-,-,-,-,-,-,-,-,3541,220.2,157.1,164,50,火焰旋渦,火焰拳,十萬伏特*,4,6,5,75000,5673558
59.4,76,隆隆岩,岩石,電,阿羅拉,-,-,-,-,-,-,-,3334,189.9,179,172,50,伏特替換,瘋狂伏特,尖石攻擊,3,4,1,10000,5846356
59.2,127,凱羅斯,蟲,,-,-,-,-,-,-,-,-,3345,212.6,165.5,149,50,連斬,近身戰,十字剪,12,10,5,75000,5243747
59.2,62,蚊香泳士,水,格鬥,-,-,-,-,-,-,-,-,2923,165.5,167.2,186,50,雙倍奉還*,熱水,冰凍之風,9,8,3,50000,5148740
59.2,538,投摔鬼,格鬥,,-,-,-,-,-,-,-,-,2896,157.1,147.1,231,50,踢倒,泰山壓頂,劈瓦,5,5,5,75000,5337777
59,214,赫拉克羅斯,蟲,格鬥,-,-,-,-,-,-,-,-,3506,209.2,163,172,50,雙倍奉還,近身戰,岩石爆擊,8,7,3,50000,5866759
59,949,陸地水母,地面,草,-,-,-,-,-,-,-,-,2738,152.1,188.2,172,50,泥巴射擊,大地之力,種子炸彈,6,5,3,50000,4924065
58.6,474,多邊獸Ｚ,一般,,-,-,-,-,-,-,-,-,3693,234.4,138.6,178,50,鎖定,三重攻擊*,暴風雪,10,15,3,50000,5785980
58.4,282,沙奈朵,超能力,妖精,-,-,暗影,-,-,-,-,-,3497,211.8,176.5,154,50,撒嬌,三旋擊,暗影球,6,7,5,75000,5754523
58.4,934,鹽石巨靈,岩石,,-,-,-,-,-,-,-,-,3065,156.3,190.7,201,50,泥巴射擊,岩石封鎖,岩石爆擊,6,5,5,50000,5992439
58.4,900,劈斧螳螂,蟲,岩石,-,-,-,-,-,-,-,-,3557,225.2,158.8,157,50,電光一閃,十字剪,尖石攻擊,5,7,5,75000,5615197
58.2,76,隆隆岩,岩石,電,阿羅拉,-,暗影,-,-,-,-,-,3334,189.9,179,172,50,伏特替換,瘋狂伏特,尖石攻擊,3,4,1,10000,5846356
58.2,697,怪顎龍,岩石,龍,-,-,-,-,-,-,-,-,3537,203.4,173.1,174,50,龍尾,岩石封鎖,咬碎,5,4,5,75000,6124922
58,765,智揮猩,一般,超能力,-,-,-,-,-,-,-,-,2770,153.8,173.9,186,50,念力,欺詐,預知未來,3,5,3,75000,4975115
57.6,142,化石翼龍,岩石,飛行,-,-,暗影,-,-,-,-,-,3147,198.3,146.2,172,50,龍息,岩崩,大地之力,12,13,5,75000,4987219
57.6,199,呆呆王,水,超能力,-,-,-,-,-,-,-,-,2877,161.3,163.9,194,50,念力,衝浪*,熱水,4,4,3,50000,5128688
57.4,589,騎士蝸牛,蟲,鋼,-,-,-,-,-,-,-,-,3266,200,169.7,157,50,雙倍奉還,直衝鑽,超級角擊,7,10,3,50000,5329626
57.3,128,肯泰羅,格鬥,火,-,-,-,-,火熾,-,-,-,3207,189.1,174.8,164,50,二連踢,起草,蓄能焰襲,4,5,3,50000,5419490
57.2,780,老翁龍,一般,龍,-,-,-,-,-,-,-,-,3294,206.7,150.4,168,50,龍息,飛翔,逆鱗,12,15,5,75000,5223555
57.2,405,倫琴貓,電,,-,-,-,-,-,-,-,-,3265,207.6,143.7,172,50,電光,瘋狂伏特,咬碎,7,7,5,75000,5129680
57,199,呆呆王,毒,超能力,伽勒爾,-,-,-,-,-,-,-,3072,172.3,163.9,194,50,禍不單行,衝浪*,暗影球,4,4,3,50000,5475943
57,899,詭角鹿,一般,超能力,-,-,-,-,-,-,-,-,3089,185.7,134.4,205,50,念力,瘋狂伏特,踩踏,4,3,5,75000,5118408
56.9,463,大舌舔,一般,,-,-,-,-,-,-,-,-,2789,147.9,164.7,215,50,舌舔,泰山壓頂*,暗影球,12,17,3,50000,5236920
56.8,766,投擲猴,格鬥,,-,-,-,-,-,-,-,-,3429,199.2,147.1,201,50,雙倍奉還,近身戰,蠻力,8,7,3,75000,5886419
56.8,874,巨石丁,岩石,,-,-,-,-,-,-,-,-,3638,199.2,165.5,201,50,落石,岩崩,踩踏,9,8,5,75000,6626426
56.5,612,雙斧戰龍,龍,,-,-,-,-,-,-,-,-,4062,251.2,157.1,166,50,雙倍奉還,廣域破壞*,暗襲要害,9,6,5,75000,6553746
56.5,62,蚊香泳士,水,格鬥,-,-,暗影,-,-,-,-,-,2923,165.5,167.2,186,50,雙倍奉還*,熱水,冰凍之風,9,8,3,50000,5148740
56.4,675,流氓熊貓,格鬥,惡,-,-,-,-,-,-,-,-,3281,202.5,135.3,194,50,大聲咆哮,近身戰,暗襲要害,4,3,3,50000,5315124
56.3,538,投摔鬼,格鬥,,-,-,暗影,-,-,-,-,-,2896,157.1,147.1,231,50,踢倒,泰山壓頂,劈瓦,5,5,5,75000,5337777
56.2,348,太古盔甲,岩石,蟲,-,-,暗影,-,-,-,-,-,3220,199.2,158.8,164,50,連斬,岩石爆擊,水流裂破,10,12,3,50000,5187078
56.2,369,古空棘魚,水,岩石,-,-,-,-,-,-,-,-,2858,148.7,183.2,201,50,水槍,水流尾,原始之力,12,15,5,75000,5476393
55.8,472,天蠍王,地面,飛行,-,-,暗影,-,-,-,-,-,3043,168.1,199.2,164,50,翅膀攻擊,暗襲要害,燕返,5,6,5,75000,5488971
55.6,142,化石翼龍,岩石,飛行,-,-,-,-,-,-,-,-,3147,198.3,146.2,172,50,龍息,岩崩,大地之力,12,13,5,75000,4987219
55.3,567,始祖大鳥,岩石,飛行,-,-,-,-,-,-,-,-,3766,258,129.4,164,50,翅膀攻擊,龍爪,原始之力,7,6,5,75000,5474843
55.2,128,肯泰羅,格鬥,,-,-,-,-,鬥戰,-,-,-,3207,189.1,174.8,164,50,二連踢,近身戰,起草,4,4,3,50000,5419490
54.8,348,太古盔甲,岩石,蟲,-,-,-,-,-,-,-,-,3220,199.2,158.8,164,50,連斬,岩石爆擊,水流裂破,10,12,3,50000,5187078
54.8,80,呆殼獸,水,超能力,-,-,暗影,-,-,-,-,-,2877,161.3,163.9,194,50,念力,衝浪*,冰凍光束,4,4,3,50000,5128688
54.7,461,瑪狃拉,惡,冰,-,-,暗影,-,-,-,-,-,3397,216.8,156.3,157,50,大聲咆哮,雪崩,真氣彈,4,6,3,50000,5319870
54.6,970,晶光花,岩石,毒,-,-,-,-,-,-,-,-,3700,219.3,161.3,176,50,落石,流星光束,力量寶石,12,10,3,50000,6227635
54.4,916,飄香豚,一般,,-,-,-,-,-,雌,-,-,2819,154.6,148.7,223,50,撞擊,泰山壓頂,挖洞,12,17,1,10000,5128197
54.2,241,大奶罐,一般,,-,-,-,-,-,-,-,-,2662,144.5,174.8,194,50,滾動,泰山壓頂,冰凍光束,3,5,5,75000,4900747
53.8,306,波士可多拉,鋼,岩石,-,-,-,-,-,-,-,-,3391,179,228.6,157,50,龍尾,岩石封鎖,打雷,5,5,1,10000,6422689
53.7,103,椰蛋樹,草,龍,阿羅拉,-,暗影,-,-,-,-,-,3407,205.9,141.2,194,50,龍尾,種子炸彈,流星群*,4,6,3,50000,5638270
53.7,297,鐵掌力士,格鬥,,-,-,暗影,-,-,-,-,-,3198,188.2,108.4,266,50,雙倍奉還,近身戰,蠻力,8,7,3,50000,5427354
53.6,59,風速狗,火,,-,-,-,-,-,-,-,-,3425,203.4,152.1,186,50,大聲咆哮,瘋狂伏特,咬碎,4,4,3,50000,5752752
53.5,139,多刺菊石獸,岩石,水,-,-,-,-,-,-,-,-,3150,186.5,181.5,157,50,泥巴射擊,岩崩*,岩石爆擊,5,5,5,75000,5315880
53.5,697,怪顎龍,岩石,龍,-,-,暗影,-,-,-,-,-,3537,203.4,173.1,174,50,龍尾,流星光束,岩石封鎖,5,5,5,75000,6124922
53.1,169,叉字蝠,毒,飛行,-,-,-,-,-,-,-,-,2992,175.6,162.2,178,50,空氣斬,十字毒刃,暗影球,4,6,1,10000,5069818
52.9,461,瑪狃拉,惡,冰,-,-,-,-,-,-,-,-,3397,216.8,156.3,157,50,大聲咆哮,雪崩,真氣彈,4,6,3,50000,5319870
52.7,306,波士可多拉,鋼,岩石,-,-,暗影,-,-,-,-,-,3391,179,228.6,157,50,龍尾,岩石封鎖,打雷,5,5,1,10000,6422689
52.4,136,火伊布,火,,-,-,-,-,-,-,-,-,3424,219.3,163,149,50,火焰旋渦,蠻力*,噴射火焰,4,6,5,75000,5327179
52.3,626,爆炸頭水牛,一般,,-,-,-,-,-,-,-,-,3163,176.5,165.5,194,50,泥巴射擊,踩踏,超級角擊,5,7,3,50000,5667036
52.3,668,火炎獅,火,一般,-,-,-,-,-,-,-,-,3129,198.3,137.8,180,50,燒盡,蓄能焰襲,惡之波動,3,3,3,10000,4919230
52.2,601,齒輪怪,鋼,,-,-,-,-,-,-,-,-,2981,179.8,192.4,142,50,電擊,鏡光射擊,電磁炮,4,9,5,75000,4913674
52.2,199,呆呆王,水,超能力,-,-,暗影,-,-,-,-,-,2877,161.3,163.9,194,50,念力,衝浪*,熱水,4,4,3,50000,5128688
52.1,115,袋獸,一般,,-,-,-,-,-,-,-,-,2924,164.7,151.3,208,50,擲泥,咬碎,踩踏*,5,4,3,50000,5181562
52,169,叉字蝠,毒,飛行,-,-,暗影,-,-,-,-,-,2992,175.6,162.2,178,50,空氣斬,十字毒刃,暗影球,4,6,1,10000,5069818
52,916,飄香豚,一般,,-,-,-,-,-,-,-,-,2949,168.9,141.2,215,50,撞擊,泰山壓頂,挖洞,12,17,1,10000,5126401
51.6,59,風速狗,火,,-,-,暗影,-,-,-,-,-,3425,203.4,152.1,186,50,大聲咆哮,瘋狂伏特,咬碎,4,4,3,50000,5752752
51.4,297,鐵掌力士,格鬥,,-,-,-,-,-,-,-,-,3198,188.2,108.4,266,50,雙倍奉還,近身戰,重磅衝撞,8,9,3,50000,5427354
51.3,405,倫琴貓,電,,-,-,暗影,-,-,-,-,-,3265,207.6,143.7,172,50,電光,瘋狂伏特,咬碎,7,7,5,75000,5129680
51.2,139,多刺菊石獸,岩石,水,-,-,暗影,-,-,-,-,-,3150,186.5,181.5,157,50,泥巴射擊,岩崩*,岩石爆擊,5,5,5,75000,5315880
50.8,103,椰蛋樹,草,超能力,-,-,暗影,-,-,-,-,-,3408,208.4,137.8,194,50,種子機關槍,種子炸彈,精神強念,4,5,3,50000,5571421
50.8,469,遠古巨蜓,蟲,飛行,-,-,-,-,-,-,-,-,3330,206.7,143.7,180,50,翅膀攻擊,燕返,原始之力,6,6,3,50000,5346536
50.3,242,幸福蛋,一般,,-,-,-,-,-,-,-,-,3117,121,154.6,429,50,意念頭錘,瘋狂伏特*,破壞光線,8,14,5,75000,8026133
50.3,740,好勝毛蟹,格鬥,冰,-,-,-,-,-,-,-,-,3286,206.7,128.6,196,50,泡沫,冰凍拳,劈瓦,4,4,3,50000,5208964
50.2,862,堵攔熊,惡,一般,-,-,-,-,-,-,-,-,2999,163.9,175.6,190,50,雙倍奉還,暗襲要害,攔堵*,6,7,3,10000,5467682
49.9,233,多邊獸Ⅱ,一般,,-,-,-,-,-,-,-,-,3065,179,163.9,178,50,鎖定,三重攻擊,報恩<sup>†</sup>,10,14,3,50000,5220390
49.8,862,堵攔熊,惡,一般,-,-,暗影,-,-,-,-,-,2999,163.9,175.6,190,50,雙倍奉還,暗襲要害,十字劈,6,6,3,10000,5467682
49.7,112,鑽角犀獸,地面,岩石,-,-,暗影,-,-,-,-,-,3594,199.2,156.3,208,50,擲泥,廣域破壞,尖石攻擊,5,6,3,50000,6474308
49.2,112,鑽角犀獸,地面,岩石,-,-,-,-,-,-,-,-,3594,199.2,156.3,208,50,擲泥,廣域破壞,尖石攻擊,5,6,3,50000,6474308
49,565,肋骨海龜,水,岩石,-,-,-,-,-,-,-,-,2964,173.9,178.1,163,50,水槍,衝浪,泰山壓頂,15,12,5,75000,5050828
49,76,隆隆岩,岩石,地面,-,-,暗影,-,-,-,-,-,3334,189.9,179,172,50,泥巴射擊,尖石攻擊,岩石爆擊,7,5,1,10000,5846356
48.8,233,多邊獸Ⅱ,一般,,-,-,暗影,-,-,-,-,-,3065,179,163.9,178,50,鎖定,三重攻擊,電磁炮,10,16,3,50000,5220390
48.6,628,勇士雄鷹,一般,飛行,-,-,-,-,-,-,-,-,3491,207.6,140.3,201,50,鋼翼,近身戰,勇鳥猛攻,9,11,5,75000,5854344
48.3,621,赤面龍,龍,,-,-,-,-,-,-,-,-,3088,191.6,155.5,167,50,龍尾,龍爪,暗襲要害,5,3,5,75000,4973840
47.9,59,風速狗,火,岩石,洗翠,-,-,-,-,-,-,-,3556,207.6,151.3,194,50,大聲咆哮,瘋狂伏特,岩崩,4,4,3,50000,6090318
47.2,474,多邊獸Ｚ,一般,,-,-,暗影,-,-,-,-,-,3693,234.4,138.6,178,50,鎖定,三重攻擊*,暴風雪,10,15,3,50000,5785980
47,839,巨炭山,岩石,火,-,-,-,-,-,-,-,-,2659,135.3,179,215,50,火焰旋渦,岩崩,蓄能焰襲,5,5,3,10000,5206102
46.7,518,夢夢蝕,超能力,,-,-,-,-,-,-,-,-,3079,166.4,152.1,225,50,充電光束,精神衝擊,魔法閃耀,4,5,3,50000,5693706
46.6,565,肋骨海龜,水,岩石,-,-,暗影,-,-,-,-,-,2964,173.9,178.1,163,50,水槍,水流裂破,泰山壓頂,15,12,5,75000,5050828
46.4,76,隆隆岩,岩石,地面,-,-,-,-,-,-,-,-,3334,189.9,179,172,50,泥巴射擊,尖石攻擊,岩石爆擊,7,5,1,10000,5846356
46.1,628,勇士雄鷹,超能力,飛行,洗翠,-,-,-,-,-,-,-,3181,191.6,127.7,215,50,空氣斬,勇鳥猛攻,飛翔,7,5,5,75000,5261210
45.1,65,胡地,超能力,,-,-,暗影,-,-,-,-,-,3456,240.3,152.9,135,50,雙倍奉還*,火焰拳,暗影球,7,9,3,50000,4961808
44.2,625,劈斬司令,惡,鋼,-,-,-,-,-,-,-,-,3215,207.6,160.5,149,50,大聲咆哮,惡之波動,十字剪,4,4,5,75000,4963469
43.4,65,胡地,超能力,,-,-,-,-,-,-,-,-,3456,240.3,152.9,135,50,雙倍奉還*,火焰拳,暗影球,7,9,3,50000,4961808
42.8,409,戰槌龍,岩石,,-,-,暗影,-,-,-,-,-,3728,260.5,104.2,196,50,擊落,岩崩,噴射火焰,6,7,5,75000,5319958
41.6,289,請假王,一般,,-,-,-,-,-,-,-,-,5010,256.3,152.1,251,50,哈欠,泰山壓頂*,地震,3,6,5,75000,9784100
41.5,197,月亮伊布,惡,,-,-,-,-,-,-,-,-,2416,118.5,214.3,194,50,大聲咆哮,欺詐,珍藏*,4,5,5,75000,4925267
41.2,289,請假王,一般,,-,-,暗影,-,-,-,-,-,5010,256.3,152.1,251,50,哈欠,泰山壓頂*,地震,3,6,5,75000,9784100
38.9,208,大鋼蛇,鋼,地面,-,-,-,-,-,-,-,-,2729,137,241.2,164,50,龍尾,廣域破壞,咬碎,5,4,5,75000,5417290
37.9,409,戰槌龍,岩石,,-,-,-,-,-,-,-,-,3728,260.5,104.2,196,50,擊落,岩崩,噴射火焰,6,7,5,75000,5319958
37.4,715,音波龍,飛行,龍,-,-,暗影,-,-,-,-,-,3125,184.9,159.7,178,50,空氣斬,暴風,熱風,7,5,5,75000,5253697
36.8,208,大鋼蛇,鋼,地面,-,-,暗影,-,-,-,-,-,2729,137,241.2,164,50,龍尾,廣域破壞,咬碎,5,4,5,75000,5417290
36,584,雙倍多多冰,冰,,-,-,-,-,-,-,-,-,3190,195.8,167.2,158,50,驚嚇,暴風雪,信號光束,8,6,3,50000,5172909
35.8,579,人造細胞卵,超能力,,-,-,-,-,-,-,-,-,3309,192.4,137,215,50,覺醒力量 冰,暗影球,預知未來,7,9,3,50000,5666701
35.3,715,音波龍,飛行,龍,-,-,-,-,-,-,-,-,3125,184.9,159.7,178,50,空氣斬,暴風,流星群,7,8,5,75000,5253697
31.7,579,人造細胞卵,超能力,,-,-,暗影,-,-,-,-,-,3309,192.4,137,215,50,覺醒力量 冰,暗影球,預知未來,7,9,3,50000,5666701
